model,metric,estimate,ci_lo,ci_hi
logistic_regression,auroc_static,0.9159375,0.8688621013316135,0.9541781503751332
logistic_regression,auroc_temporal,0.9018750000000001,0.8533519625934349,0.9434719996945926
logistic_regression,net_benefit_0.30,0.31,0.23714285714285716,0.38285714285714284
logistic_regression,auroc_drop,0.014062499999999867,-0.008151836527795784,0.03505806707407507
random_forest,auroc_static,0.9176041666666667,0.8784284308539926,0.9519706851347796
random_forest,auroc_temporal,0.8749999999999999,0.8197860494877833,0.9211529510162244
random_forest,net_benefit_0.30,0.30428571428571427,0.227125,0.3821428571428571
random_forest,auroc_drop,0.042604166666666776,0.014203435724431782,0.07506532751461562
gradient_boosting,auroc_static,0.9161458333333333,0.8762535093028251,0.9521985342555994
gradient_boosting,auroc_temporal,0.8460937499999998,0.7879273206405747,0.9011154773384763
gradient_boosting,net_benefit_0.30,0.3057142857142857,0.22928571428571426,0.38071428571428567
gradient_boosting,auroc_drop,0.07005208333333357,0.030005568698923804,0.11373248792270524
xgboost,auroc_static,0.9046875,0.8604899359756325,0.9430929119702779
xgboost,auroc_temporal,0.8219791666666667,0.7589127994717977,0.877400390625
xgboost,net_benefit_0.30,0.2971428571428571,0.22214285714285717,0.3714464285714285
xgboost,auroc_drop,0.08270833333333327,0.0451878676102009,0.12404803338992641
lstm,auroc_static,0.9297916666666667,0.8904317011269545,0.9625493867685962
lstm,auroc_temporal,0.9230208333333334,0.8838104959985355,0.958076202533677
lstm,net_benefit_0.30,0.32857142857142857,0.25355357142857143,0.4021607142857142
lstm,auroc_drop,0.0067708333333332815,-0.004232747395833264,0.021027990574221
tcn,auroc_static,0.92921875,0.8884194072249589,0.9616664202165928
tcn,auroc_temporal,0.9122916666666667,0.8708123726314025,0.9494391567275531
tcn,net_benefit_0.30,0.3242857142857143,0.2478392857142857,0.3978749999999999
tcn,auroc_drop,0.01692708333333326,-0.002209013885266081,0.038452669468355606
