model,regime,ece,brier
logistic_regression,static,0.04994998721938164,0.11339308291605832
logistic_regression,temporal,0.05236846204550031,0.12186808010534785
random_forest,static,0.07907499999999998,0.12028712500000001
random_forest,temporal,0.11579999999999997,0.14632775
gradient_boosting,static,0.09375160606326373,0.1269191117354313
gradient_boosting,temporal,0.15461608761847673,0.19003034420832454
xgboost,static,0.11478695835401595,0.1408582663136248
xgboost,temporal,0.1650745825190097,0.19783413014200618
lstm,static,0.0970630238810554,0.11182363916360791
lstm,temporal,0.10974194987677037,0.1127175550454289
tcn,static,0.11615856806292812,0.1225113774852529
tcn,temporal,0.13209963174981437,0.14543174474022472
