model,regime,aurc,risk_at_cov_0.8,cov_at_risk_0.1
logistic_regression,static,0.1444302335093856,0.17177914110429449,0.3
logistic_regression,temporal,0.1792761468956448,0.20987654320987653,0.165
random_forest,static,0.16350729510517475,0.22302158273381295,0.25
random_forest,temporal,0.21178295144935383,0.25,0.085
gradient_boosting,static,0.16975377267592434,0.2323943661971831,0.265
gradient_boosting,temporal,0.2615325833428895,0.2919254658385093,0.22
xgboost,static,0.18277772014461552,0.2764227642276423,0.14
xgboost,temporal,0.27790625329065644,0.31446540880503143,
lstm,static,0.14279705339193427,0.20300751879699247,0.195
lstm,temporal,0.16452337161807656,0.23703703703703705,0.205
tcn,static,0.1457910349226898,0.155,0.26
tcn,temporal,0.16864797606508597,0.185,0.26
