model,threshold,net_benefit_model
logistic_regression,0.01,0.393989898989899
logistic_regression,0.0198989898989899,0.38373183551478923
logistic_regression,0.029797979797979796,0.3785684539302447
logistic_regression,0.039696969696969696,0.3737109498264437
logistic_regression,0.049595959595959596,0.3657344032309491
logistic_regression,0.059494949494949496,0.36311513263881434
logistic_regression,0.06939393939393938,0.36129111038749595
logistic_regression,0.07929292929292929,0.36287164015359297
logistic_regression,0.08919191919191918,0.355028834423866
logistic_regression,0.09909090909090908,0.3547023208879919
logistic_regression,0.10898989898989898,0.35553565355401884
logistic_regression,0.11888888888888888,0.3513871374527112
logistic_regression,0.12878787878787878,0.34782608695652173
logistic_regression,0.1386868686868687,0.3440676674094054
logistic_regression,0.1485858585858586,0.3381854312492585
logistic_regression,0.15848484848484848,0.3383417356859921
logistic_regression,0.16838383838383839,0.33772743835782826
logistic_regression,0.1782828282828283,0.33113398893669327
logistic_regression,0.18818181818181817,0.329501679731243
logistic_regression,0.19808080808080808,0.3278290716714951
logistic_regression,0.207979797979798,0.3274276240275475
logistic_regression,0.21787878787878787,0.3257497094149554
logistic_regression,0.22777777777777777,0.32402877697841725
logistic_regression,0.23767676767676768,0.3222631509208957
logistic_regression,0.24757575757575756,0.32045106725734995
logistic_regression,0.25747474747474747,0.31859066793633517
logistic_regression,0.2673737373737374,0.31667999448504064
logistic_regression,0.2772727272727273,0.31471698113207547
logistic_regression,0.2871717171717172,0.31269944735723393
logistic_regression,0.29707070707070704,0.3106250898117546
logistic_regression,0.30696969696969695,0.30849147354613027
logistic_regression,0.31686868686868686,0.30629602247523285
logistic_regression,0.32676767676767676,0.30403600900225053
logistic_regression,0.33666666666666667,0.30170854271356784
logistic_regression,0.3465656565656566,0.2993105580460658
logistic_regression,0.3564646464646465,0.2968388008161984
logistic_regression,0.36636363636363634,0.2942898134863702
logistic_regression,0.37626262626262624,0.29165991902834004
logistic_regression,0.38616161616161615,0.2889452032252756
logistic_regression,0.39606060606060606,0.2861414952333166
logistic_regression,0.40595959595959596,0.2832443461996259
logistic_regression,0.41585858585858587,0.2802490057063807
logistic_regression,0.4257575757575757,0.2771503957783641
logistic_regression,0.43565656565656563,0.2739430821550027
logistic_regression,0.44555555555555554,0.27062124248496994
logistic_regression,0.45545454545454545,0.2671786310517529
logistic_regression,0.46535353535353535,0.2636085395805781
logistic_regression,0.47525252525252526,0.2599037536092396
logistic_regression,0.4851515151515151,0.2560565038257799
logistic_regression,0.495050505050505,0.25205841168233645
logistic_regression,0.5049494949494949,0.24790042848398286
logistic_regression,0.5148484848484849,0.2435727670206121
logistic_regression,0.5247474747474747,0.23906482465462273
logistic_regression,0.5346464646464646,0.23436509659214239
logistic_regression,0.5445454545454546,0.22946107784431136
logistic_regression,0.5544444444444444,0.22433915211970074
logistic_regression,0.5643434343434344,0.21898446556920934
logistic_regression,0.5742424242424242,0.21338078291814946
logistic_regression,0.5841414141414141,0.21453364100072872
logistic_regression,0.594040404040404,0.21598656382184622
logistic_regression,0.6039393939393939,0.21776205049732214
logistic_regression,0.6138383838383838,0.21193696050222338
logistic_regression,0.6237373737373737,0.2008053691275168
logistic_regression,0.6336363636363637,0.2029900744416873
logistic_regression,0.6435353535353535,0.1865471805043922
logistic_regression,0.6534343434343434,0.17973622850480916
logistic_regression,0.6633333333333333,0.17252475247524754
logistic_regression,0.6732323232323232,0.1648763523956724
logistic_regression,0.6831313131313131,0.16752948677080015
logistic_regression,0.693030303030303,0.15938795656465948
logistic_regression,0.702929292929293,0.15070384223053382
logistic_regression,0.7128282828282828,0.143832219486458
logistic_regression,0.7227272727272727,0.14754098360655743
logistic_regression,0.7326262626262626,0.12819418209293537
logistic_regression,0.7425252525252525,0.11312867791290704
logistic_regression,0.7524242424242424,0.09225826193390449
logistic_regression,0.7623232323232323,0.0815193370165746
logistic_regression,0.7722222222222221,0.08158536585365861
logistic_regression,0.7821212121212121,0.06961752433936022
logistic_regression,0.792020202020202,0.0705512384652745
logistic_regression,0.8019191919191919,0.077577766445691
logistic_regression,0.8118181818181818,0.08586956521739139
logistic_regression,0.8217171717171717,0.07259206798866855
logistic_regression,0.8316161616161616,0.04775344931013806
logistic_regression,0.8415151515151514,0.05760994263862346
logistic_regression,0.8514141414141414,0.06944595513256291
logistic_regression,0.8613131313131313,0.08368536052439926
logistic_regression,0.8712121212121212,0.07588235294117646
logistic_regression,0.8811111111111111,0.08677570093457948
logistic_regression,0.891010101010101,0.0973725671918443
logistic_regression,0.9009090909090909,0.07362385321100923
logistic_regression,0.9108080808080807,0.08288221970554936
logistic_regression,0.9207070707070707,0.033885350318471355
logistic_regression,0.9306060606060605,-0.00410480349344966
logistic_regression,0.9405050505050505,0.03095925297113751
logistic_regression,0.9504040404040404,0.09
logistic_regression,0.9603030303030302,0.05
logistic_regression,0.9702020202020202,0.03
logistic_regression,0.98010101010101,0.005
logistic_regression,0.99,0.0
random_forest,0.01,0.38661616161616164
random_forest,0.0198989898989899,0.38421364526435126
random_forest,0.029797979797979796,0.38170744403956275
random_forest,0.039696969696969696,0.37904544020195646
random_forest,0.049595959595959596,0.37643213944096077
random_forest,0.059494949494949496,0.37418537214047903
random_forest,0.06939393939393938,0.3717307066102247
random_forest,0.07929292929292929,0.3693307734503566
random_forest,0.08919191919191918,0.35747698791172233
random_forest,0.09909090909090908,0.35580221997981837
random_forest,0.10898989898989898,0.35431243623171976
random_forest,0.11888888888888888,0.3516645649432535
random_forest,0.12878787878787878,0.34895652173913044
random_forest,0.1386868686868687,0.34779641139908524
random_forest,0.1485858585858586,0.3450966899988136
random_forest,0.15848484848484848,0.3382751170327692
random_forest,0.16838383838383839,0.3365292117089761
random_forest,0.1782828282828283,0.33594652735095265
random_forest,0.18818181818181817,0.3332754759238522
random_forest,0.19808080808080808,0.33053848091699206
random_forest,0.207979797979798,0.32773306976151
random_forest,0.21787878787878787,0.32485664471135217
random_forest,0.22777777777777777,0.3233812949640288
random_forest,0.23767676767676768,0.32199748244335497
random_forest,0.24757575757575756,0.31906363270237614
random_forest,0.25747474747474747,0.31605155761120934
random_forest,0.2673737373737374,0.31478284847649246
random_forest,0.2772727272727273,0.31169811320754715
random_forest,0.2871717171717172,0.30852770298993903
random_forest,0.29707070707070704,0.30526799827561435
random_forest,0.30696969696969695,0.30634455618714473
random_forest,0.31686868686868686,0.3031036522253438
random_forest,0.32676767676767676,0.2997674418604651
random_forest,0.33666666666666667,0.29886934673366833
random_forest,0.3465656565656566,0.29309553253980525
random_forest,0.3564646464646465,0.28968215350808346
random_forest,0.36636363636363634,0.28616212338593977
random_forest,0.37626262626262624,0.28253036437246964
random_forest,0.38616161616161615,0.27878147112061874
random_forest,0.39606060606060606,0.2749096838936277
random_forest,0.40595959595959596,0.27090885903757866
random_forest,0.41585858585858587,0.2667724364516687
random_forest,0.4257575757575757,0.2662005277044855
random_forest,0.43565656565656563,0.26192410954000356
random_forest,0.44555555555555554,0.2574949899799599
random_forest,0.45545454545454545,0.2479048414023372
random_forest,0.46535353535353535,0.2431447194407708
random_forest,0.47525252525252526,0.24726179018286815
random_forest,0.4851515151515151,0.24249852854620366
random_forest,0.495050505050505,0.2375485097019404
random_forest,0.5049494949494949,0.2375005100999796
random_forest,0.5148484848484849,0.23765459088069954
random_forest,0.5247474747474747,0.22750265674814027
random_forest,0.5346464646464646,0.22213153896244847
random_forest,0.5445454545454546,0.2115269461077844
random_forest,0.5544444444444444,0.2068952618453865
random_forest,0.5643434343434344,0.20103060514722926
random_forest,0.5742424242424242,0.19489323843416367
random_forest,0.5841414141414141,0.19548700510080158
random_forest,0.594040404040404,0.18403707389897983
random_forest,0.6039393939393939,0.17726472838561594
random_forest,0.6138383838383838,0.1701451739471619
random_forest,0.6237373737373737,0.15265100671140944
random_forest,0.6336363636363637,0.17069478908188584
random_forest,0.6435353535353535,0.1625205440634741
random_forest,0.6534343434343434,0.15973622850480915
random_forest,0.6633333333333333,0.1425247524752475
random_forest,0.6732323232323232,0.12987635239567236
random_forest,0.6831313131313131,0.1167500796939751
random_forest,0.693030303030303,0.10809970384995066
random_forest,0.702929292929293,0.09887283236994215
random_forest,0.7128282828282828,0.0964210341188885
random_forest,0.7227272727272727,0.09950819672131153
random_forest,0.7326262626262626,0.11189459765772569
random_forest,0.7425252525252525,0.0975480580619851
random_forest,0.7524242424242424,0.0926499388004896
random_forest,0.7623232323232323,0.09859328516787086
random_forest,0.7722222222222221,0.10548780487804887
random_forest,0.7821212121212121,0.08551460361613353
random_forest,0.792020202020202,0.09363283147158824
random_forest,0.8019191919191919,0.10306221315655278
random_forest,0.8118181818181818,0.0924396135265701
random_forest,0.8217171717171717,0.08063739376770535
random_forest,0.8316161616161616,0.06244751049790048
random_forest,0.8415151515151514,0.0741586998087955
random_forest,0.8514141414141414,0.0594459551325629
random_forest,0.8613131313131313,0.042632920611799074
random_forest,0.8712121212121212,0.05205882352941177
random_forest,0.8811111111111111,0.04471962616822436
random_forest,0.891010101010101,0.06649675625579238
random_forest,0.9009090909090909,0.04316513761467897
random_forest,0.9108080808080807,0.010764439411098725
random_forest,0.9207070707070707,0.03082802547770702
random_forest,0.9306060606060605,0.003842794759825491
random_forest,0.9405050505050505,-0.052122241086587445
random_forest,0.9504040404040404,-0.11244399185336024
random_forest,0.9603030303030302,0.044045801526717845
random_forest,0.9702020202020202,-0.017796610169491384
random_forest,0.98010101010101,-0.12126903553299401
random_forest,0.99,-0.3849999999999996
gradient_boosting,0.01,0.393989898989899
gradient_boosting,0.0198989898989899,0.38340152530145316
gradient_boosting,0.029797979797979796,0.38216814159292034
gradient_boosting,0.039696969696969696,0.3809056484695488
gradient_boosting,0.049595959595959596,0.37378042299925607
gradient_boosting,0.059494949494949496,0.37266459026957366
gradient_boosting,0.06939393939393938,0.3704591338326278
gradient_boosting,0.07929292929292929,0.3686368623148656
gradient_boosting,0.08919191919191918,0.3668836641898636
gradient_boosting,0.09909090909090908,0.3646518668012109
gradient_boosting,0.10898989898989898,0.3573704795374674
gradient_boosting,0.11888888888888888,0.3550378310214376
gradient_boosting,0.12878787878787878,0.3526521739130435
gradient_boosting,0.1386868686868687,0.35021168054415386
gradient_boosting,0.1485858585858586,0.3477144382489026
gradient_boosting,0.15848484848484848,0.3411001080302485
gradient_boosting,0.16838383838383839,0.3385539900400826
gradient_boosting,0.1782828282828283,0.33703134603564844
gradient_boosting,0.18818181818181817,0.32943449048152296
gradient_boosting,0.19808080808080808,0.3280085653104925
gradient_boosting,0.207979797979798,0.3292979211835225
gradient_boosting,0.21787878787878787,0.3282138705927935
gradient_boosting,0.22777777777777777,0.32575539568345324
gradient_boosting,0.23767676767676768,0.3232330727441367
gradient_boosting,0.24757575757575756,0.32064438179621424
gradient_boosting,0.25747474747474747,0.31798666848047885
gradient_boosting,0.2673737373737374,0.3152571349786295
gradient_boosting,0.2772727272727273,0.31245283018867925
gradient_boosting,0.2871717171717172,0.3095706390817628
gradient_boosting,0.29707070707070704,0.30660727115964936
gradient_boosting,0.30696969696969695,0.3035592479230433
gradient_boosting,0.31686868686868686,0.30042288925033267
gradient_boosting,0.32676767676767676,0.29719429857464363
gradient_boosting,0.33666666666666667,0.2888693467336683
gradient_boosting,0.3465656565656566,0.28544365435152264
gradient_boosting,0.3564646464646465,0.28191257259456914
gradient_boosting,0.36636363636363634,0.27827116212338593
gradient_boosting,0.37626262626262624,0.27451417004048584
gradient_boosting,0.38616161616161615,0.27378147112061874
gradient_boosting,0.39606060606060606,0.2699096838936277
gradient_boosting,0.40595959595959596,0.26590885903757866
gradient_boosting,0.41585858585858587,0.2567724364516687
gradient_boosting,0.4257575757575757,0.25249340369393136
gradient_boosting,0.43565656565656563,0.25192410954000355
gradient_boosting,0.44555555555555554,0.2474949899799599
gradient_boosting,0.45545454545454545,0.24708681135225374
gradient_boosting,0.46535353535353535,0.24249669374645755
gradient_boosting,0.47525252525252526,0.2377333974975938
gradient_boosting,0.4851515151515151,0.2327869334902884
gradient_boosting,0.495050505050505,0.22764652930586118
gradient_boosting,0.5049494949494949,0.22230055090797796
gradient_boosting,0.5148484848484849,0.21673641474078695
gradient_boosting,0.5247474747474747,0.21094048884165778
gradient_boosting,0.5346464646464646,0.2106425005426525
gradient_boosting,0.5445454545454546,0.2045708582834331
gradient_boosting,0.5544444444444444,0.1982294264339152
gradient_boosting,0.5643434343434344,0.20455367493623924
gradient_boosting,0.5742424242424242,0.1981494661921708
gradient_boosting,0.5841414141414141,0.18644036920087448
gradient_boosting,0.594040404040404,0.17672057725802437
gradient_boosting,0.6039393939393939,0.1696403978576894
gradient_boosting,0.6138383838383838,0.1621972273083965
gradient_boosting,0.6237373737373737,0.17093959731543626
gradient_boosting,0.6336363636363637,0.1633995037220843
gradient_boosting,0.6435353535353535,0.15544063474071973
gradient_boosting,0.6534343434343434,0.14702710580005834
gradient_boosting,0.6633333333333333,0.1381188118811881
gradient_boosting,0.6732323232323232,0.11867078825347768
gradient_boosting,0.6831313131313131,0.10863245138667521
gradient_boosting,0.693030303030303,0.09794669299111555
gradient_boosting,0.702929292929293,0.08654879292757564
gradient_boosting,0.7128282828282828,0.09918747801618011
gradient_boosting,0.7227272727272727,0.07737704918032795
gradient_boosting,0.7326262626262626,0.06839251983377409
gradient_boosting,0.7425252525252525,0.05545115731659478
gradient_boosting,0.7524242424242424,0.041474908200734406
gradient_boosting,0.7623232323232323,0.03237144071398218
gradient_boosting,0.7722222222222221,0.033780487804878134
gradient_boosting,0.7821212121212121,0.030771905424200274
gradient_boosting,0.792020202020202,0.014388052452647015
gradient_boosting,0.8019191919191919,0.011608873023967348
gradient_boosting,0.8118181818181818,0.031159420289855133
gradient_boosting,0.8217171717171717,0.036501416430594846
gradient_boosting,0.8316161616161616,0.008365326934613171
gradient_boosting,0.8415151515151514,0.004512428298279303
gradient_boosting,0.8514141414141414,-0.02650577838205298
gradient_boosting,0.8613131313131313,-0.05052439912600132
gradient_boosting,0.8712121212121212,-0.04941176470588232
gradient_boosting,0.8811111111111111,-0.0835046728971961
gradient_boosting,0.891010101010101,-0.07700648748841527
gradient_boosting,0.9009090909090909,-0.06821100917431189
gradient_boosting,0.9108080808080807,-0.015294450736126619
gradient_boosting,0.9207070707070707,-0.05028662420382163
gradient_boosting,0.9306060606060605,-0.10026200873362423
gradient_boosting,0.9405050505050505,-0.007122241086587433
gradient_boosting,0.9504040404040404,0.023370672097759837
gradient_boosting,0.9603030303030302,-0.03690839694656434
gradient_boosting,0.9702020202020202,-0.15059322033898276
gradient_boosting,0.98010101010101,0.005
gradient_boosting,0.99,0.0
xgboost,0.01,0.38267676767676767
xgboost,0.0198989898989899,0.3807363701947851
xgboost,0.029797979797979796,0.3787038001041125
xgboost,0.039696969696969696,0.37173240769958976
xgboost,0.049595959595959596,0.36982410458072057
xgboost,0.059494949494949496,0.36829717538395446
xgboost,0.06939393939393938,0.36657766199934877
xgboost,0.07929292929292929,0.3599286889742183
xgboost,0.08919191919191918,0.3578629255850061
xgboost,0.09909090909090908,0.35575176589303736
xgboost,0.10898989898989898,0.3485936968597665
xgboost,0.11888888888888888,0.347061790668348
xgboost,0.12878787878787878,0.3398695652173913
xgboost,0.1386868686868687,0.33762694968922247
xgboost,0.1485858585858586,0.33533218649899155
xgboost,0.15848484848484848,0.33298343536190134
xgboost,0.16838383838383839,0.3305787683711891
xgboost,0.1782828282828283,0.32811616472034416
xgboost,0.18818181818181817,0.3255935050391937
xgboost,0.19808080808080808,0.3230085653104925
xgboost,0.207979797979798,0.320359010330315
xgboost,0.21787878787878787,0.31403525765207285
xgboost,0.22777777777777777,0.30928057553956834
xgboost,0.23767676767676768,0.3066741751689413
xgboost,0.24757575757575756,0.3039991945227547
xgboost,0.25747474747474747,0.3012528907631615
xgboost,0.2673737373737374,0.3020818971460085
xgboost,0.2772727272727273,0.2993710691823899
xgboost,0.2871717171717172,0.2965849511123707
xgboost,0.29707070707070704,0.2979465440436844
xgboost,0.30696969696969695,0.29520332313073894
xgboost,0.31686868686868686,0.2923806003252994
xgboost,0.32676767676767676,0.28947486871717926
xgboost,0.33666666666666667,0.2864824120603015
xgboost,0.3465656565656566,0.28339928891637034
xgboost,0.3564646464646465,0.2752213153351122
xgboost,0.36636363636363634,0.2748350071736011
xgboost,0.37626262626262624,0.27157894736842103
xgboost,0.38616161616161615,0.268217870659865
xgboost,0.39606060606060606,0.264746613146011
xgboost,0.40595959595959596,0.26115966672334634
xgboost,0.41585858585858587,0.25245114992218565
xgboost,0.4257575757575757,0.2436147757255937
xgboost,0.43565656565656563,0.23964381600143192
xgboost,0.44555555555555554,0.2355310621242485
xgboost,0.45545454545454545,0.23126878130217032
xgboost,0.46535353535353535,0.2312006423578311
xgboost,0.47525252525252526,0.22679018286814245
xgboost,0.4851515151515151,0.22221012360211895
xgboost,0.495050505050505,0.21745049009801964
xgboost,0.5049494949494949,0.21250051009997964
xgboost,0.5148484848484849,0.21796064959400374
xgboost,0.5247474747474747,0.21302337938363444
xgboost,0.5346464646464646,0.20787605817234647
xgboost,0.5445454545454546,0.19750499001996008
xgboost,0.5544444444444444,0.19189526184538655
xgboost,0.5643434343434344,0.19250753535821935
xgboost,0.5742424242424242,0.1883807829181495
xgboost,0.5841414141414141,0.1775103230507652
xgboost,0.594040404040404,0.17367006718089079
xgboost,0.6039393939393939,0.16751338944146904
xgboost,0.6138383838383838,0.16104106722469264
xgboost,0.6237373737373737,0.1542281879194631
xgboost,0.6336363636363637,0.14704714640198507
xgboost,0.6435353535353535,0.13946727118163788
xgboost,0.6534343434343434,0.13145438647624605
xgboost,0.6633333333333333,0.12297029702970297
xgboost,0.6732323232323232,0.11397217928902631
xgboost,0.6831313131313131,0.10441185846350015
xgboost,0.693030303030303,0.0942349457058243
xgboost,0.702929292929293,0.08337980278816726
xgboost,0.7128282828282828,0.07177629264861063
xgboost,0.7227272727272727,0.05934426229508205
xgboost,0.7326262626262626,0.0459916887041934
xgboost,0.7425252525252525,0.041031777167516714
xgboost,0.7524242424242424,0.02627906976744182
xgboost,0.7623232323232323,0.021334466638334104
xgboost,0.7722222222222221,0.00487804878048792
xgboost,0.7821212121212121,-0.013073713490959649
xgboost,0.792020202020202,-0.018693540553666732
xgboost,0.8019191919191919,-0.04411779704232538
xgboost,0.8118181818181818,-0.06669082125603859
xgboost,0.8217171717171717,-0.09677053824362619
xgboost,0.8316161616161616,-0.0754109178164366
xgboost,0.8415151515151514,-0.06013384321223697
xgboost,0.8514141414141414,-0.0588069340584636
xgboost,0.8613131313131313,-0.09262927895120149
xgboost,0.8712121212121212,-0.05823529411764705
xgboost,0.8811111111111111,-0.10056074766355128
xgboost,0.891010101010101,-0.13875810936051902
xgboost,0.9009090909090909,-0.16412844036697233
xgboost,0.9108080808080807,-0.21453001132502786
xgboost,0.9207070707070707,-0.27751592356687893
xgboost,0.9306060606060605,-0.35847161572052344
xgboost,0.9405050505050505,-0.3082852292020375
xgboost,0.9504040404040404,-0.34488798370672047
xgboost,0.9603030303030302,-0.5007251908396929
xgboost,0.9702020202020202,-0.7667796610169483
xgboost,0.98010101010101,-1.03134517766497
xgboost,0.99,-0.8599999999999992
lstm,0.01,0.38722222222222225
lstm,0.0198989898989899,0.38492425023188703
lstm,0.029797979797979796,0.3824752732951588
lstm,0.039696969696969696,0.3798721994319975
lstm,0.049595959595959596,0.3772149006270592
lstm,0.059494949494949496,0.37450166469766943
lstm,0.06939393939393938,0.3717307066102247
lstm,0.07929292929292929,0.3689001645639057
lstm,0.08919191919191918,0.36600809581900856
lstm,0.09909090909090908,0.36360242179616553
lstm,0.10898989898989898,0.3606427842648226
lstm,0.11888888888888888,0.3576166456494326
lstm,0.12878787878787878,0.3545217391304348
lstm,0.1386868686868687,0.35296587310894806
lstm,0.1485858585858586,0.3507337762486653
lstm,0.15848484848484848,0.3476251350378106
lstm,0.16838383838383839,0.3464672658812098
lstm,0.1782828282828283,0.3455224339274739
lstm,0.18818181818181817,0.3447984322508399
lstm,0.19808080808080808,0.3430085653104925
lstm,0.207979797979798,0.34167198061471754
lstm,0.21787878787878787,0.3432138705927935
lstm,0.22777777777777777,0.34075539568345325
lstm,0.23767676767676768,0.33979197031933217
lstm,0.24757575757575756,0.3339347563431333
lstm,0.25747474747474747,0.33665555706706574
lstm,0.2673737373737374,0.3362057079829036
lstm,0.2772727272727273,0.3339622641509434
lstm,0.2871717171717172,0.33165651126541024
lstm,0.29707070707070704,0.3292858169277195
lstm,0.30696969696969695,0.3168473983384346
lstm,0.31686868686868686,0.31433831140026613
lstm,0.32676767676767676,0.3117554388597149
lstm,0.33666666666666667,0.30909547738693466
lstm,0.3465656565656566,0.3063549234812181
lstm,0.3564646464646465,0.3035300580756553
lstm,0.36636363636363634,0.30350789096126257
lstm,0.37626262626262624,0.30062753036437245
lstm,0.38616161616161615,0.2976542701991114
lstm,0.39606060606060606,0.29458354239839435
lstm,0.40595959595959596,0.2914104744091141
lstm,0.41585858585858587,0.28812986339270275
lstm,0.4257575757575757,0.2871503957783641
lstm,0.43565656565656563,0.2839430821550027
lstm,0.44555555555555554,0.28463927855711424
lstm,0.45545454545454545,0.28136060100166943
lstm,0.46535353535353535,0.26796051388626485
lstm,0.47525252525252526,0.26443214629451395
lstm,0.4851515151515151,0.2607680988816951
lstm,0.495050505050505,0.2569603920784157
lstm,0.5049494949494949,0.2530004080799837
lstm,0.5148484848484849,0.24387882573391625
lstm,0.5247474747474747,0.23958554729011688
lstm,0.5346464646464646,0.23510961580204037
lstm,0.5445454545454546,0.230439121756487
lstm,0.5544444444444444,0.22056109725685785
lstm,0.5643434343434344,0.2104613957801994
lstm,0.5742424242424242,0.20512455516014236
lstm,0.5841414141414141,0.19953364100072876
lstm,0.594040404040404,0.1936700671808908
lstm,0.6039393939393939,0.18751338944146906
lstm,0.6138383838383838,0.19693696050222342
lstm,0.6237373737373737,0.18080536912751682
lstm,0.6336363636363637,0.18299007444168733
lstm,0.6435353535353535,0.1765471805043922
lstm,0.6534343434343434,0.16973622850480916
lstm,0.6633333333333333,0.15752475247524753
lstm,0.6732323232323232,0.14987635239567237
lstm,0.6831313131313131,0.14175007969397513
lstm,0.693030303030303,0.13309970384995068
lstm,0.702929292929293,0.1307038422305338
lstm,0.7128282828282828,0.12142103411888852
lstm,0.7227272727272727,0.13754098360655742
lstm,0.7326262626262626,0.12319418209293537
lstm,0.7425252525252525,0.11312867791290704
lstm,0.7524242424242424,0.1022582619339045
lstm,0.7623232323232323,0.09048236294092651
lstm,0.7722222222222221,0.07768292682926836
lstm,0.7821212121212121,0.0637204450625869
lstm,0.792020202020202,0.04842884895580385
lstm,0.8019191919191919,0.02660887302396736
lstm,0.8118181818181818,0.008019323671497658
lstm,0.8217171717171717,-0.01763456090651566
lstm,0.8316161616161616,-0.04071685662867425
lstm,0.8415151515151514,-0.06668260038240903
lstm,0.8514141414141414,-0.03880693405846358
lstm,0.8613131313131313,-0.06762927895120152
lstm,0.8712121212121212,-0.10088235294117648
lstm,0.8811111111111111,-0.10261682242990638
lstm,0.891010101010101,-0.14463392029657096
lstm,0.9009090909090909,-0.19504587155963288
lstm,0.9108080808080807,-0.010294450736126615
lstm,0.9207070707070707,0.1319426751592357
lstm,0.9306060606060605,0.12294759825327517
lstm,0.9405050505050505,0.11095925297113751
lstm,0.9504040404040404,0.09418533604887992
lstm,0.9603030303030302,0.06904580152671784
lstm,0.9702020202020202,0.02720338983050863
lstm,0.98010101010101,-0.086269035532994
lstm,0.99,-0.3899999999999996
tcn,0.01,0.37823232323232325
tcn,0.0198989898989899,0.37644697516232095
tcn,0.029797979797979796,0.3746251952108277
tcn,0.039696969696969696,0.37297254654465134
tcn,0.049595959595959596,0.37138962695291744
tcn,0.059494949494949496,0.36956234561271617
tcn,0.06939393939393938,0.36806903288831
tcn,0.07929292929292929,0.36622051563357105
tcn,0.08919191919191918,0.3643318176777199
tcn,0.09909090909090908,0.362401614530777
tcn,0.10898989898989898,0.3604285228432151
tcn,0.11888888888888888,0.3590857503152585
tcn,0.12878787878787878,0.35708695652173916
tcn,0.1386868686868687,0.3550422188342911
tcn,0.1485858585858586,0.35294993474908054
tcn,0.15848484848484848,0.35080842635938064
tcn,0.16838383838383839,0.3486159358678489
tcn,0.1782828282828283,0.3463706207744315
tcn,0.18818181818181817,0.3452295632698768
tcn,0.19808080808080808,0.3429487340974934
tcn,0.207979797979798,0.340610891467925
tcn,0.21787878787878787,0.3382138705927935
tcn,0.22777777777777777,0.33575539568345325
tcn,0.23767676767676768,0.3332330727441367
tcn,0.24757575757575756,0.3339347563431333
tcn,0.25747474747474747,0.3314542239151136
tcn,0.2673737373737374,0.3289066593133876
tcn,0.2772727272727273,0.3282075471698113
tcn,0.2871717171717172,0.3256135751735865
tcn,0.29707070707070704,0.3250596350050295
tcn,0.30696969696969695,0.3174180148666375
tcn,0.31686868686868686,0.31701907437527727
tcn,0.32676767676767676,0.3143285821455364
tcn,0.33666666666666667,0.31155778894472363
tcn,0.3465656565656566,0.3087030452929356
tcn,0.3564646464646465,0.30076047716214094
tcn,0.36636363636363634,0.3006169296987088
tcn,0.37626262626262624,0.29761133603238865
tcn,0.38616161616161615,0.28950880368602927
tcn,0.39606060606060606,0.28630456598093323
tcn,0.40595959595959596,0.28299353851385817
tcn,0.41585858585858587,0.2795702922358637
tcn,0.4257575757575757,0.27602902374670185
tcn,0.43565656565656563,0.27622337569357436
tcn,0.44555555555555554,0.27258517034068136
tcn,0.45545454545454545,0.26381469115191986
tcn,0.46535353535353535,0.2599045909692046
tcn,0.47525252525252526,0.255846968238691
tcn,0.4851515151515151,0.2513449087698646
tcn,0.495050505050505,0.24715643128625725
tcn,0.5049494949494949,0.24280044888798202
tcn,0.5148484848484849,0.2385727670206121
tcn,0.5247474747474747,0.22906482465462272
tcn,0.5346464646464646,0.22436509659214238
tcn,0.5445454545454546,0.21946107784431135
tcn,0.5544444444444444,0.22056109725685785
tcn,0.5643434343434344,0.2219383259911894
tcn,0.5742424242424242,0.2168683274021352
tcn,0.5841414141414141,0.21155695895069226
tcn,0.594040404040404,0.2059865638218462
tcn,0.6039393939393939,0.20013771996939558
tcn,0.6138383838383838,0.193989013863458
tcn,0.6237373737373737,0.18751677852348994
tcn,0.6336363636363637,0.1806947890818858
tcn,0.6435353535353535,0.17349390762255595
tcn,0.6534343434343434,0.16588166715243371
tcn,0.6633333333333333,0.1578217821782178
tcn,0.6732323232323232,0.14927357032457497
tcn,0.6831313131313131,0.14019126554032513
tcn,0.693030303030303,0.13052319842053306
tcn,0.702929292929293,0.12021081264875888
tcn,0.7128282828282828,0.12159866338374956
tcn,0.7227272727272727,0.11040983606557384
tcn,0.7326262626262626,0.09839251983377406
tcn,0.7425252525252525,0.08545115731659475
tcn,0.7524242424242424,0.08667074663402685
tcn,0.7623232323232323,0.07237144071398216
tcn,0.7722222222222221,0.05682926829268298
tcn,0.7821212121212121,0.039874826147426934
tcn,0.792020202020202,0.021306459446333248
tcn,0.8019191919191919,0.0008822029576746049
tcn,0.8118181818181818,-0.026690821256038555
tcn,0.8217171717171717,-0.05177053824362615
tcn,0.8316161616161616,-0.0847990401919615
tcn,0.8415151515151514,-0.12132887189292524
tcn,0.8514141414141414,-0.15705982324949014
tcn,0.8613131313131313,-0.19789147851420225
tcn,0.8712121212121212,-0.24500000000000005
tcn,0.8811111111111111,-0.23084112149532682
tcn,0.891010101010101,-0.20638554216867472
tcn,0.9009090909090909,-0.26596330275229346
tcn,0.9108080808080807,-0.28770668176670383
tcn,0.9207070707070707,-0.31863057324840754
tcn,0.9306060606060605,-0.35552401746724843
tcn,0.9405050505050505,-0.40136672325976236
tcn,0.9504040404040404,-0.5573319755600807
tcn,0.9603030303030302,-0.5616793893129752
tcn,0.9702020202020202,-0.8895762711864397
tcn,0.98010101010101,-1.00134517766497
tcn,0.99,-0.7799999999999992
