model,regime,weighted_harm_loss,harm_high,harm_medium,harm_low,escalation_failures,false_escalations,harm_concentration
logistic_regression,static,1.08,2.5,0.28125,0.07954545454545454,0,1,0.8738828202581926
logistic_regression,temporal,1.09,2.375,0.5625,0.11363636363636363,3,1,0.7783985102420856
random_forest,static,1.085,2.5,0.1875,0.125,1,7,0.8888888888888888
random_forest,temporal,1.34,3.0,0.46875,0.14772727272727273,3,10,0.8295365278868814
gradient_boosting,static,1.05,2.375,0.1875,0.1590909090909091,2,10,0.872651356993737
gradient_boosting,temporal,1.6,3.625,0.375,0.20454545454545456,5,16,0.8621621621621622
xgboost,static,1.205,2.75,0.28125,0.13636363636363635,4,7,0.8681614349775785
xgboost,temporal,1.7,3.875,0.375,0.20454545454545456,5,13,0.8698979591836735
lstm,static,1.075,2.5,0.28125,0.06818181818181818,1,1,0.8773678963110667
lstm,temporal,1.235,2.875,0.28125,0.09090909090909091,4,1,0.8853893263342082
tcn,static,0.985,2.25,0.1875,0.125,3,7,0.8780487804878049
tcn,temporal,1.15,2.625,0.1875,0.1590909090909091,6,11,0.8833652007648183
