model,regime,n_test,accuracy,auroc,auprc,precision,recall,specificity,f1,ece,brier
logistic_regression,static,200,0.85,0.9159375,0.8928090757205285,0.7717391304347826,0.8875,0.825,0.8255813953488372,0.04994998721938164,0.11339308291605832
logistic_regression,temporal,200,0.825,0.9018750000000001,0.859560711597139,0.7848101265822784,0.775,0.8583333333333333,0.779874213836478,0.05236846204550031,0.12186808010534785
random_forest,static,200,0.835,0.9176041666666667,0.8816757962609318,0.7373737373737373,0.9125,0.7833333333333333,0.8156424581005587,0.07907499999999998,0.12028712500000001
random_forest,temporal,200,0.79,0.8749999999999999,0.8205943826484375,0.69,0.8625,0.7416666666666667,0.7666666666666667,0.11579999999999997,0.14632775
gradient_boosting,static,200,0.825,0.9161458333333333,0.8683987462445486,0.7272727272727273,0.9,0.775,0.8044692737430168,0.09375160606326373,0.1269191117354313
gradient_boosting,temporal,200,0.745,0.8460937499999998,0.7445221361970529,0.6330275229357798,0.8625,0.6666666666666666,0.7301587301587301,0.15461608761847673,0.19003034420832454
xgboost,static,200,0.815,0.9046875,0.8628923438098799,0.7311827956989247,0.85,0.7916666666666666,0.7861271676300579,0.11478695835401595,0.1408582663136248
xgboost,temporal,200,0.735,0.8219791666666667,0.7092019195678596,0.6285714285714286,0.825,0.675,0.7135135135135136,0.1650745825190097,0.19783413014200618
lstm,static,200,0.855,0.9297916666666667,0.904597342428535,0.7802197802197802,0.8875,0.8333333333333334,0.8304093567251462,0.0970630238810554,0.11182363916360791
lstm,temporal,200,0.83,0.9230208333333334,0.8965713293910044,0.7674418604651163,0.825,0.8333333333333334,0.7951807228915663,0.10974194987677037,0.1127175550454289
tcn,static,200,0.845,0.92921875,0.8978259032216851,0.7634408602150538,0.8875,0.8166666666666667,0.8208092485549133,0.11615856806292812,0.1225113774852529
tcn,temporal,200,0.815,0.9122916666666667,0.887209488699017,0.7263157894736842,0.8625,0.7833333333333333,0.7885714285714286,0.13209963174981437,0.14543174474022472
