seed,model,regime,n_test,accuracy,auroc,auprc,precision,recall,specificity,f1,ece,brier
42,logistic_regression,static,200,0.85,0.9159375,0.8928090757205285,0.7717391304347826,0.8875,0.825,0.8255813953488372,0.04994998721938164,0.11339308291605832
42,logistic_regression,temporal,200,0.825,0.9018750000000001,0.859560711597139,0.7848101265822784,0.775,0.8583333333333333,0.779874213836478,0.05236846204550031,0.12186808010534785
42,random_forest,static,200,0.835,0.9176041666666667,0.8816757962609318,0.7373737373737373,0.9125,0.7833333333333333,0.8156424581005587,0.07907499999999998,0.12028712500000001
42,random_forest,temporal,200,0.79,0.8749999999999999,0.8205943826484375,0.69,0.8625,0.7416666666666667,0.7666666666666667,0.11579999999999997,0.14632775
42,gradient_boosting,static,200,0.825,0.9161458333333333,0.8683987462445486,0.7272727272727273,0.9,0.775,0.8044692737430168,0.09375160606326374,0.1269191117354313
42,gradient_boosting,temporal,200,0.745,0.8460937499999998,0.7445221361970529,0.6330275229357798,0.8625,0.6666666666666666,0.7301587301587301,0.15461608761847673,0.19003034420832454
42,xgboost,static,200,0.815,0.9046875,0.8628923438098799,0.7311827956989247,0.85,0.7916666666666666,0.7861271676300579,0.11478695835401595,0.1408582663136248
42,xgboost,temporal,200,0.735,0.8219791666666667,0.7092019195678596,0.6285714285714286,0.825,0.675,0.7135135135135136,0.1650745825190097,0.19783413014200618
42,lstm,static,200,0.85,0.8972916666666666,0.7865460013010335,0.7604166666666666,0.9125,0.8083333333333333,0.8295454545454546,0.06609747023467208,0.11666580318160516
42,lstm,temporal,200,0.84,0.8807291666666666,0.7102760092363993,0.7448979591836735,0.9125,0.7916666666666666,0.8202247191011236,0.07317512917798014,0.12374160814348877
42,tcn,static,200,0.835,0.91890625,0.8770331166858392,0.7640449438202247,0.85,0.825,0.8047337278106509,0.1407146052080817,0.14231389421584725
42,tcn,temporal,200,0.815,0.8995833333333334,0.8523058149838938,0.7866666666666666,0.7375,0.8666666666666667,0.7612903225806451,0.1484125220218932,0.15640940084534158
43,logistic_regression,static,200,0.89,0.9180235187697875,0.877533087077564,0.8333333333333334,0.8333333333333334,0.917910447761194,0.8333333333333334,0.06086637284958843,0.08764063675290178
43,logistic_regression,temporal,200,0.865,0.8945047489823609,0.8677411586340732,0.8679245283018868,0.696969696969697,0.9477611940298507,0.773109243697479,0.09502338041066034,0.10819862558792685
43,random_forest,static,200,0.89,0.9487788331071912,0.9074834851582669,0.84375,0.8181818181818182,0.9253731343283582,0.8307692307692308,0.03422499999999999,0.081909375
43,random_forest,temporal,200,0.875,0.9319877883310719,0.8728098379971956,0.8867924528301887,0.7121212121212122,0.9552238805970149,0.7899159663865546,0.08782499999999999,0.09660912500000002
43,gradient_boosting,static,200,0.9,0.9561849841700588,0.9203502830904322,0.8484848484848485,0.8484848484848485,0.9253731343283582,0.8484848484848485,0.04471647682641676,0.07825412726127838
43,gradient_boosting,temporal,200,0.85,0.9049072817729534,0.8455457831293173,0.86,0.6515151515151515,0.9477611940298507,0.7413793103448276,0.0759919078012864,0.10880426011016793
43,xgboost,static,200,0.885,0.9573722297602895,0.9171224175115316,0.8524590163934426,0.7878787878787878,0.9328358208955224,0.8188976377952756,0.06427618664500187,0.08425995638454706
43,xgboost,temporal,200,0.87,0.9263907734056988,0.8680208562727321,0.8571428571428571,0.7272727272727273,0.9402985074626866,0.7868852459016393,0.08431570872984594,0.10302894726781414
43,lstm,static,200,0.91,0.9399592944369064,0.8853745357571928,0.8428571428571429,0.8939393939393939,0.917910447761194,0.8676470588235294,0.1005144709907472,0.08783424913782241
43,lstm,temporal,200,0.885,0.934984170058797,0.8814341239643483,0.8412698412698413,0.803030303030303,0.9253731343283582,0.8217054263565892,0.09519708802923563,0.09645942481559239
43,tcn,static,200,0.865,0.9268430574400723,0.8736848465989706,0.782608695652174,0.8181818181818182,0.8880597014925373,0.8,0.1176468937990412,0.11785451429186466
43,tcn,temporal,200,0.825,0.9010628674807779,0.8434319186542427,0.746031746031746,0.7121212121212122,0.8805970149253731,0.7286821705426356,0.1594435781480567,0.1561839106004206
44,logistic_regression,static,200,0.9,0.9188541666666665,0.8995012228678277,0.8947368421052632,0.85,0.9333333333333333,0.8717948717948718,0.05643292574359025,0.08746838581861344
44,logistic_regression,temporal,200,0.83,0.8446875,0.8470129313882784,0.8709677419354839,0.675,0.9333333333333333,0.7605633802816901,0.08909245154702128,0.13539935376605933
44,random_forest,static,200,0.875,0.9396354166666665,0.928308168055853,0.8481012658227848,0.8375,0.9,0.8427672955974843,0.04560000000000001,0.08883799999999999
44,random_forest,temporal,200,0.84,0.9099999999999999,0.9048523324266019,0.8529411764705882,0.725,0.9166666666666666,0.7837837837837838,0.098275,0.110234375
44,gradient_boosting,static,200,0.875,0.9458854166666666,0.9319392755061173,0.8571428571428571,0.825,0.9083333333333333,0.8407643312101911,0.056866371149212724,0.09326395929412439
44,gradient_boosting,temporal,200,0.8,0.8580208333333335,0.8558785161020346,0.7857142857142857,0.6875,0.875,0.7333333333333333,0.10629063308892422,0.14542859561972166
44,xgboost,static,200,0.875,0.9409375,0.89873886574307,0.8481012658227848,0.8375,0.9,0.8427672955974843,0.06465589519255449,0.09672304050633439
44,xgboost,temporal,200,0.825,0.8984375,0.8762173506481132,0.8260869565217391,0.7125,0.9,0.7651006711409396,0.10146580861408436,0.13122466253022474
44,lstm,static,200,0.875,0.9475,0.9308841133948953,0.8235294117647058,0.875,0.875,0.8484848484848485,0.06886904488492289,0.09031361735387933
44,lstm,temporal,200,0.875,0.9514583333333333,0.9326371958093125,0.8021978021978022,0.9125,0.85,0.8538011695906432,0.08137052582053,0.08899081534836067
44,tcn,static,200,0.855,0.9084375,0.8881765717810532,0.8493150684931506,0.775,0.9083333333333333,0.8104575163398693,0.1182641863544482,0.12615774284885958
44,tcn,temporal,200,0.835,0.9123437499999999,0.8893203721047299,0.8615384615384616,0.7,0.925,0.7724137931034483,0.15406902965411717,0.15138867336567913
45,logistic_regression,static,200,0.855,0.9292279411764706,0.8611031037477512,0.7692307692307693,0.78125,0.8897058823529411,0.7751937984496124,0.07310722562931854,0.10721927989541324
45,logistic_regression,temporal,200,0.825,0.8969439338235294,0.7978113705173735,0.7636363636363637,0.65625,0.9044117647058824,0.7058823529411765,0.07523435944906309,0.12753918944528778
45,random_forest,static,200,0.855,0.9220473345588235,0.8744329579373484,0.7536231884057971,0.8125,0.875,0.7819548872180451,0.054574999999999936,0.103015125
45,random_forest,temporal,200,0.84,0.9025735294117647,0.8158261345023039,0.7666666666666667,0.71875,0.8970588235294118,0.7419354838709677,0.04940000000000001,0.11369274999999998
45,gradient_boosting,static,200,0.855,0.9204963235294118,0.8604203200157209,0.7611940298507462,0.796875,0.8823529411764706,0.7786259541984732,0.06700828184481639,0.11025380647698647
45,gradient_boosting,temporal,200,0.83,0.8475413602941178,0.7480529219641584,0.7142857142857143,0.78125,0.8529411764705882,0.746268656716418,0.08468303993119433,0.14064894632396935
45,xgboost,static,200,0.865,0.9219898897058824,0.8647366932255615,0.7466666666666667,0.875,0.8602941176470589,0.8057553956834532,0.09657295505799994,0.10790438459935457
45,xgboost,temporal,200,0.83,0.8770680147058824,0.7828523827084832,0.7678571428571429,0.671875,0.9044117647058824,0.7166666666666667,0.09698617145244498,0.13171062674413556
45,lstm,static,200,0.82,0.9441636029411765,0.8986959566981917,0.6521739130434783,0.9375,0.7647058823529411,0.7692307692307693,0.09962446204619482,0.11465092735850099
45,lstm,temporal,200,0.815,0.9385340073529412,0.8850173570568765,0.6421052631578947,0.953125,0.75,0.7672955974842768,0.12618819837574846,0.12409720858123478
45,tcn,static,200,0.81,0.8959673713235293,0.8110885711618914,0.6857142857142857,0.75,0.8382352941176471,0.7164179104477612,0.1780377102168898,0.16837756396497439
45,tcn,temporal,200,0.775,0.8836741727941176,0.7796587075837609,0.6666666666666666,0.59375,0.8602941176470589,0.628099173553719,0.20629381882286651,0.20173973891665922
46,logistic_regression,static,200,0.92,0.9404166666666667,0.9264794418733805,0.8809523809523809,0.925,0.9166666666666666,0.9024390243902439,0.059280345550329426,0.07474273818641308
46,logistic_regression,temporal,200,0.86,0.9153124999999999,0.9113925031957807,0.90625,0.725,0.95,0.8055555555555556,0.08419382404701652,0.1057862146089255
46,random_forest,static,200,0.88,0.9452604166666666,0.9205405561146321,0.8255813953488372,0.8875,0.875,0.8554216867469879,0.03790000000000003,0.09094750000000001
46,random_forest,temporal,200,0.855,0.9213541666666667,0.8936483657381122,0.8591549295774648,0.7625,0.9166666666666666,0.8079470198675497,0.08762500000000001,0.113559625
46,gradient_boosting,static,200,0.86,0.9436458333333334,0.9185200437415987,0.782608695652174,0.9,0.8333333333333334,0.8372093023255814,0.04947873182997254,0.09547189764422108
46,gradient_boosting,temporal,200,0.82,0.8833333333333333,0.8399346962168059,0.775,0.775,0.85,0.775,0.07873812016880757,0.1311908206700358
46,xgboost,static,200,0.875,0.9519791666666667,0.9335789190130771,0.8395061728395061,0.85,0.8916666666666667,0.84472049689441,0.053252848219417524,0.09325813975999221
46,xgboost,temporal,200,0.8,0.8841666666666667,0.8429970758283108,0.8125,0.65,0.9,0.7222222222222222,0.09419492895511211,0.1413834801535762
46,lstm,static,200,0.91,0.948125,0.9198691647188605,0.8444444444444444,0.95,0.8833333333333333,0.8941176470588236,0.0509887820202857,0.07684514876685383
46,lstm,temporal,200,0.905,0.9465625,0.9175446852109895,0.8351648351648352,0.95,0.875,0.8888888888888888,0.07133284816518426,0.07986721926004885
46,tcn,static,200,0.825,0.91125,0.8631592439359985,0.7848101265822784,0.775,0.8583333333333333,0.779874213836478,0.15981111922341945,0.1478360349001598
46,tcn,temporal,200,0.85,0.9134895833333334,0.8637913575644944,0.8125,0.8125,0.875,0.8125,0.13078602126323735,0.138991958757064
47,logistic_regression,static,200,0.905,0.9312120275975698,0.9339811653641436,0.8902439024390244,0.8795180722891566,0.9230769230769231,0.8848484848484849,0.03042553453958636,0.07843481877120935
47,logistic_regression,temporal,200,0.815,0.9082483781278963,0.8986281257197343,0.8833333333333333,0.6385542168674698,0.9401709401709402,0.7412587412587412,0.0886057291703507,0.12173107055588174
47,random_forest,static,200,0.91,0.9601997734527855,0.954195927651346,0.9113924050632911,0.8674698795180723,0.9401709401709402,0.8888888888888888,0.05822499999999999,0.070422625
47,random_forest,temporal,200,0.865,0.9278653073833797,0.9157308303475732,0.9,0.7590361445783133,0.9401709401709402,0.8235294117647058,0.12040000000000003,0.11159275
47,gradient_boosting,static,200,0.895,0.9459890845433013,0.9359070360926306,0.8690476190476191,0.8795180722891566,0.905982905982906,0.874251497005988,0.04284763165323004,0.08075642065744061
47,gradient_boosting,temporal,200,0.87,0.9211203789517043,0.8676477807088395,0.8701298701298701,0.8072289156626506,0.9145299145299145,0.8375,0.05027353021377732,0.1051243323577987
47,xgboost,static,200,0.91,0.9578828133045001,0.9500271662430234,0.9012345679012346,0.8795180722891566,0.9316239316239316,0.8902439024390244,0.06670088303813829,0.0691011596808605
47,xgboost,temporal,200,0.855,0.9070126660488107,0.8990446417640898,0.8648648648648649,0.7710843373493976,0.9145299145299145,0.8152866242038217,0.059899330569751316,0.1102198726301559
47,lstm,static,200,0.915,0.9596334054165381,0.9487548501223787,0.8837209302325582,0.9156626506024096,0.9145299145299145,0.8994082840236687,0.0380332910513971,0.06946158897912015
47,lstm,temporal,200,0.91,0.960972093502214,0.948226104921051,0.8735632183908046,0.9156626506024096,0.905982905982906,0.8941176470588236,0.06256418048869818,0.07089148650144265
47,tcn,static,200,0.89,0.9266810833075894,0.8978426952932482,0.8961038961038961,0.8313253012048193,0.9316239316239316,0.8625,0.11083407582355309,0.09868118689790689
47,tcn,temporal,200,0.82,0.9007311296467924,0.8458433335962471,0.8309859154929577,0.7108433734939759,0.8974358974358975,0.7662337662337663,0.168364484340261,0.16831809546021398
48,logistic_regression,static,200,0.88,0.92523649679585,0.9110741216812122,0.8539325842696629,0.8735632183908046,0.8849557522123894,0.8636363636363636,0.03327608965804102,0.09937421655700472
48,logistic_regression,temporal,200,0.8,0.8951276574102329,0.870992513846783,0.8309859154929577,0.6781609195402298,0.8938053097345132,0.7468354430379747,0.08321230174015584,0.1434454006657223
48,random_forest,static,200,0.885,0.9389685688129386,0.9160456231606428,0.8404255319148937,0.9080459770114943,0.8672566371681416,0.8729281767955801,0.06244999999999998,0.08840875000000001
48,random_forest,temporal,200,0.845,0.8997558742752517,0.8264125045425663,0.85,0.7816091954022989,0.8938053097345132,0.8143712574850299,0.093125,0.129825875
48,gradient_boosting,static,200,0.875,0.9451734309836233,0.9294205627534319,0.8369565217391305,0.8850574712643678,0.8672566371681416,0.8603351955307262,0.06055317842541581,0.09501696457409654
48,gradient_boosting,temporal,200,0.83,0.8812938663411658,0.8070108426471589,0.7912087912087912,0.8275862068965517,0.831858407079646,0.8089887640449438,0.09228560211440244,0.14191480055389571
48,xgboost,static,200,0.875,0.9327637066422542,0.9067667564530392,0.8690476190476191,0.8390804597701149,0.9026548672566371,0.8538011695906432,0.10321907680801815,0.10977834370151282
48,xgboost,temporal,200,0.8,0.8770216661580715,0.7993386700042244,0.8051948051948052,0.7126436781609196,0.8672566371681416,0.7560975609756098,0.12897086752316678,0.1503712175670536
48,lstm,static,200,0.845,0.9306276065507069,0.8961485025790428,0.7413793103448276,0.9885057471264368,0.7345132743362832,0.8472906403940886,0.10706888383574555,0.12105540662373655
48,lstm,temporal,200,0.82,0.9113009866748042,0.8666228319340447,0.7107438016528925,0.9885057471264368,0.6902654867256637,0.8269230769230769,0.1303898667759495,0.1420370306622426
48,tcn,static,200,0.865,0.9187773369952192,0.8860956104009889,0.8125,0.896551724137931,0.8407079646017699,0.8524590163934426,0.11686099453360607,0.12226693453874304
48,tcn,temporal,200,0.85,0.9166920964296613,0.8800242856987597,0.8352941176470589,0.8160919540229885,0.8761061946902655,0.8255813953488372,0.13279625219317617,0.13299454915261172
49,logistic_regression,static,200,0.88,0.907872157872158,0.9008608456802922,0.8378378378378378,0.8378378378378378,0.9047619047619048,0.8378378378378378,0.04588323189781023,0.0971599617412995
49,logistic_regression,temporal,200,0.84,0.8675461175461175,0.8556159528389755,0.8620689655172413,0.6756756756756757,0.9365079365079365,0.7575757575757576,0.07657526506757706,0.12314672453960802
49,random_forest,static,200,0.9,0.961068211068211,0.9360154032353446,0.8292682926829268,0.918918918918919,0.8888888888888888,0.8717948717948718,0.060250000000000005,0.079578
49,random_forest,temporal,200,0.805,0.855963105963106,0.7999600675009158,0.7692307692307693,0.6756756756756757,0.8809523809523809,0.7194244604316546,0.05845000000000001,0.14287650000000002
49,gradient_boosting,static,200,0.85,0.9451951951951952,0.9175673047818268,0.782051282051282,0.8243243243243243,0.8650793650793651,0.8026315789473685,0.056821595300888934,0.09651826302840474
49,gradient_boosting,temporal,200,0.745,0.8222329472329473,0.7682117304989282,0.6455696202531646,0.6891891891891891,0.7777777777777778,0.6666666666666666,0.09215125250053594,0.1683041273928188
49,xgboost,static,200,0.865,0.9522737022737023,0.9317835370684047,0.7974683544303798,0.8513513513513513,0.873015873015873,0.8235294117647058,0.07183018108160469,0.0885836137004055
49,xgboost,temporal,200,0.825,0.8606821106821108,0.8262640811303883,0.7910447761194029,0.7162162162162162,0.8888888888888888,0.75177304964539,0.07785732012707741,0.13389242093991743
49,lstm,static,200,0.89,0.9523809523809523,0.9288511276719742,0.8023255813953488,0.9324324324324325,0.8650793650793651,0.8625,0.050002192390384156,0.08264986434303123
49,lstm,temporal,200,0.865,0.9395109395109396,0.902664337532952,0.7640449438202247,0.918918918918919,0.8333333333333334,0.8343558282208589,0.06509064817219042,0.09932080767151734
49,tcn,static,200,0.82,0.8862076362076363,0.8396317696540327,0.7375,0.7972972972972973,0.8333333333333334,0.7662337662337663,0.158377073534809,0.1557890821505927
49,tcn,temporal,200,0.795,0.8465250965250966,0.7985962181817875,0.72,0.7297297297297297,0.8333333333333334,0.7248322147651006,0.1706094110806454,0.18401939453827332
50,logistic_regression,static,200,0.895,0.9217664930555555,0.9129950531220565,0.8493150684931506,0.8611111111111112,0.9140625,0.8551724137931035,0.055953199524535265,0.08430765229458288
50,logistic_regression,temporal,200,0.84,0.9198133680555556,0.8889437542413201,0.8333333333333334,0.6944444444444444,0.921875,0.7575757575757576,0.1050725196959405,0.10994348476789373
50,random_forest,static,200,0.895,0.9480251736111112,0.9047918884936598,0.8493150684931506,0.8611111111111112,0.9140625,0.8551724137931035,0.049400000000000006,0.08744900000000001
50,random_forest,temporal,200,0.88,0.9153103298611112,0.867128770637811,0.8870967741935484,0.7638888888888888,0.9453125,0.8208955223880597,0.10557499999999999,0.11078112500000001
50,gradient_boosting,static,200,0.885,0.9393988715277778,0.9037217415922973,0.8450704225352113,0.8333333333333334,0.9140625,0.8391608391608392,0.04802593541954103,0.09331850840040158
50,gradient_boosting,temporal,200,0.87,0.8976236979166666,0.8594809537245747,0.896551724137931,0.7222222222222222,0.953125,0.8,0.059958243254575404,0.10735586091742172
50,xgboost,static,200,0.87,0.9301215277777777,0.8921700008410758,0.8285714285714286,0.8055555555555556,0.90625,0.8169014084507042,0.08236522404229615,0.10375903051567523
50,xgboost,temporal,200,0.86,0.8973524305555555,0.8387563963428786,0.84375,0.75,0.921875,0.7941176470588235,0.07211715932848166,0.11353647737958042
50,lstm,static,200,0.895,0.9672309027777778,0.9379287056697247,0.8493150684931506,0.8611111111111112,0.9140625,0.8551724137931035,0.0595652263890952,0.07486569002215694
50,lstm,temporal,200,0.835,0.9487847222222222,0.9044246286199954,0.8421052631578947,0.6666666666666666,0.9296875,0.7441860465116279,0.06885303067043425,0.09438343301581742
50,tcn,static,200,0.865,0.9214409722222223,0.8744807969493917,0.8260869565217391,0.7916666666666666,0.90625,0.8085106382978723,0.12400320459530176,0.12321977831781288
50,tcn,temporal,200,0.85,0.9174262152777778,0.8395848431253319,0.8088235294117647,0.7638888888888888,0.8984375,0.7857142857142857,0.1442561036997197,0.1415241506082983
51,logistic_regression,static,200,0.875,0.9135564135564135,0.86258901099084,0.788235294117647,0.9054054054054054,0.8571428571428571,0.8427672955974843,0.04999810879230683,0.1035416607085328
51,logistic_regression,temporal,200,0.82,0.8777348777348777,0.8190691897909251,0.7794117647058824,0.7162162162162162,0.8809523809523809,0.7464788732394366,0.047299779921250694,0.13003029299317387
51,random_forest,static,200,0.865,0.9249249249249248,0.8836088902955338,0.7701149425287356,0.9054054054054054,0.8412698412698413,0.8322981366459627,0.07372499999999998,0.111010125
51,random_forest,temporal,200,0.835,0.8944122694122695,0.8230523706590842,0.7530864197530864,0.8243243243243243,0.8412698412698413,0.7870967741935484,0.070825,0.125577125
51,gradient_boosting,static,200,0.855,0.9163449163449164,0.8517243810756996,0.7586206896551724,0.8918918918918919,0.8333333333333334,0.8198757763975155,0.05414941879484075,0.11080883417691557
51,gradient_boosting,temporal,200,0.785,0.873927498927499,0.7297379387856688,0.7123287671232876,0.7027027027027027,0.8333333333333334,0.7074829931972789,0.08295330644542807,0.14238922869635723
51,xgboost,static,200,0.81,0.8976833976833977,0.8299604234225966,0.7,0.8513513513513513,0.7857142857142857,0.7682926829268293,0.12732273100351446,0.1407461904757822
51,xgboost,temporal,200,0.775,0.8593951093951094,0.7475625383491267,0.6883116883116883,0.7162162162162162,0.8095238095238095,0.7019867549668874,0.1151157186507771,0.16336287462798996
51,lstm,static,200,0.87,0.9242814242814243,0.8908257174613944,0.7727272727272727,0.918918918918919,0.8412698412698413,0.8395061728395061,0.0774153101001866,0.1079938578718333
51,lstm,temporal,200,0.87,0.9183826683826685,0.8779120814109486,0.7727272727272727,0.918918918918919,0.8412698412698413,0.8395061728395061,0.0803402160364203,0.11018403791882275
51,tcn,static,200,0.845,0.9038502788502789,0.8409197778678592,0.7792207792207793,0.8108108108108109,0.8650793650793651,0.7947019867549668,0.12675139163320145,0.13525550367539518
51,tcn,temporal,200,0.835,0.8963427713427714,0.8303107359098587,0.7808219178082192,0.7702702702702703,0.873015873015873,0.7755102040816326,0.13369442590004804,0.14270980055292384
52,logistic_regression,static,200,0.88,0.9219835069444444,0.9003624163054184,0.7926829268292683,0.9027777777777778,0.8671875,0.8441558441558441,0.08082115522235009,0.0940401118757789
52,logistic_regression,temporal,200,0.87,0.9011501736111112,0.8728239549361476,0.8285714285714286,0.8055555555555556,0.90625,0.8169014084507042,0.06900981935431902,0.1075073032624704
52,random_forest,static,200,0.88,0.9455295138888888,0.9064147188189204,0.8,0.8888888888888888,0.875,0.8421052631578947,0.054074999999999984,0.089381375
52,random_forest,temporal,200,0.86,0.9050564236111112,0.8343237880995492,0.84375,0.75,0.921875,0.7941176470588235,0.09437500000000001,0.11889837499999999
52,gradient_boosting,static,200,0.855,0.9437934027777778,0.9093533472503892,0.7792207792207793,0.8333333333333334,0.8671875,0.8053691275167785,0.05943931235109044,0.09764070920540323
52,gradient_boosting,temporal,200,0.815,0.8639322916666667,0.8260274275273833,0.7536231884057971,0.7222222222222222,0.8671875,0.7375886524822695,0.07969534392219398,0.13416838117700836
52,xgboost,static,200,0.86,0.9388020833333334,0.8980095486545432,0.7894736842105263,0.8333333333333334,0.875,0.8108108108108109,0.09398049534764144,0.10652882930744767
52,xgboost,temporal,200,0.815,0.9014756944444444,0.8161960033953342,0.7536231884057971,0.7222222222222222,0.8671875,0.7375886524822695,0.10055489810194558,0.1349517522224195
52,lstm,static,200,0.885,0.958984375,0.9280932683571463,0.7816091954022989,0.9444444444444444,0.8515625,0.8553459119496856,0.09532855748198929,0.0925990624266202
52,lstm,temporal,200,0.885,0.9554036458333334,0.9214264243635952,0.7816091954022989,0.9444444444444444,0.8515625,0.8553459119496856,0.09337213432998397,0.09446956801748616
52,tcn,static,200,0.845,0.921875,0.8532649544889035,0.7662337662337663,0.8194444444444444,0.859375,0.7919463087248322,0.13653700106243444,0.1352770533037397
52,tcn,temporal,200,0.755,0.856662326388889,0.7393654523685645,0.6666666666666666,0.6388888888888888,0.8203125,0.6524822695035462,0.219258542465312,0.22218173692761842
53,logistic_regression,static,200,0.87,0.9185061198870175,0.8830887623633646,0.8271604938271605,0.8481012658227848,0.8842975206611571,0.8375,0.06480374742681484,0.0993183185143297
53,logistic_regression,temporal,200,0.82,0.8912020085783032,0.8526152932231019,0.8412698412698413,0.6708860759493671,0.9173553719008265,0.7464788732394366,0.07723573692542905,0.13116700917348617
53,random_forest,static,200,0.88,0.9302228266555079,0.8712804209832964,0.8235294117647058,0.8860759493670886,0.8760330578512396,0.8536585365853658,0.07517499999999999,0.09983387499999999
53,random_forest,temporal,200,0.8,0.8822052515953551,0.8154687788894387,0.8095238095238095,0.6455696202531646,0.9008264462809917,0.7183098591549296,0.09910000000000002,0.13755074999999997
53,gradient_boosting,static,200,0.86,0.9273459566900304,0.8833106975707528,0.8148148148148148,0.8354430379746836,0.8760330578512396,0.825,0.05122732310247066,0.10747713311136574
53,gradient_boosting,temporal,200,0.795,0.8399937231928025,0.7592867538763748,0.7567567567567568,0.7088607594936709,0.8512396694214877,0.7320261437908496,0.09190797676230827,0.1591301046315345
53,xgboost,static,200,0.845,0.9165184642745058,0.849432499076153,0.8076923076923077,0.7974683544303798,0.8760330578512396,0.802547770700637,0.10928996234404623,0.11924681723710964
53,xgboost,temporal,200,0.8,0.8559472748195418,0.7694029421706265,0.7671232876712328,0.7088607594936709,0.859504132231405,0.7368421052631579,0.11019124559650666,0.15271088956520049
53,lstm,static,200,0.905,0.9544931478188095,0.9291920633405322,0.8333333333333334,0.9493670886075949,0.8760330578512396,0.8875739644970414,0.05681840324075891,0.08369976522889166
53,lstm,temporal,200,0.895,0.9438225755832199,0.9098362310892524,0.8152173913043478,0.9493670886075949,0.859504132231405,0.8771929824561403,0.05908376976614819,0.09265821577133504
53,tcn,static,200,0.83,0.9078355476514279,0.8505623043286814,0.7777777777777778,0.7974683544303798,0.8512396694214877,0.7875,0.13730109062890408,0.14538359446565252
53,tcn,temporal,200,0.8,0.9034417826132441,0.8449691445232141,0.7910447761194029,0.6708860759493671,0.8842975206611571,0.726027397260274,0.1671137062740074,0.17013722784179192
54,logistic_regression,static,200,0.895,0.9380688356522648,0.9245805459031949,0.9027777777777778,0.8227848101265823,0.9421487603305785,0.8609271523178808,0.056219320827968454,0.08715722601413381
54,logistic_regression,temporal,200,0.845,0.9082540014645883,0.8933809594504117,0.9137931034482759,0.6708860759493671,0.9586776859504132,0.7737226277372263,0.08197946197101193,0.11900387412572477
54,random_forest,static,200,0.885,0.9510932105868815,0.9347277410948932,0.9,0.7974683544303798,0.9421487603305785,0.8456375838926175,0.07247499999999998,0.08700812499999999
54,random_forest,temporal,200,0.855,0.9083063081912335,0.8899823969726911,0.8787878787878788,0.7341772151898734,0.9338842975206612,0.8,0.10274999999999998,0.11822824999999998
54,gradient_boosting,static,200,0.87,0.9396903441782612,0.9213707963999734,0.8840579710144928,0.7721518987341772,0.9338842975206612,0.8243243243243243,0.06616037714235984,0.09938424279611863
54,gradient_boosting,temporal,200,0.815,0.8793806883565226,0.8497833642408167,0.85,0.6455696202531646,0.9256198347107438,0.7338129496402878,0.10107511872960595,0.14078602977526689
54,xgboost,static,200,0.89,0.9512501307668167,0.9315322403528605,0.9253731343283582,0.7848101265822784,0.9586776859504132,0.8493150684931506,0.07351426863460801,0.09175660267288971
54,xgboost,temporal,200,0.825,0.9020818077204728,0.8531043383432537,0.8793103448275862,0.6455696202531646,0.9421487603305785,0.7445255474452555,0.10880068506041427,0.13801066019502575
54,lstm,static,200,0.88,0.953970080552359,0.9314900331897614,0.8160919540229885,0.8987341772151899,0.8677685950413223,0.8554216867469879,0.05864147795480675,0.08724574158989899
54,lstm,temporal,200,0.83,0.9414164661575477,0.9182530532397237,0.7528089887640449,0.8481012658227848,0.8181818181818182,0.7976190476190477,0.06603896160726436,0.09606145264649506
54,tcn,static,200,0.835,0.9019248875405377,0.8568095810151657,0.8285714285714286,0.7341772151898734,0.9008264462809917,0.7785234899328859,0.1468069929806854,0.1427574561241034
54,tcn,temporal,200,0.78,0.856104194999477,0.7765978628347294,0.7464788732394366,0.6708860759493671,0.8512396694214877,0.7066666666666667,0.20153507443807267,0.20299841567876023
55,logistic_regression,static,200,0.875,0.9017155849524595,0.8784031678083425,0.8701298701298701,0.8170731707317073,0.9152542372881356,0.8427672955974843,0.05813531259359268,0.1052912731685562
55,logistic_regression,temporal,200,0.85,0.885799917321207,0.8566471181328695,0.90625,0.7073170731707317,0.9491525423728814,0.7945205479452054,0.08360580307844934,0.1286611706833934
55,random_forest,static,200,0.845,0.9215068210004134,0.8797683800347806,0.84,0.7682926829268293,0.8983050847457628,0.802547770700637,0.05249999999999997,0.10752475
55,random_forest,temporal,200,0.81,0.8860582885489873,0.8533768647953821,0.8548387096774194,0.6463414634146342,0.923728813559322,0.7361111111111112,0.1033,0.13517300000000002
55,gradient_boosting,static,200,0.845,0.9235737908226541,0.8867583507280921,0.8695652173913043,0.7317073170731707,0.923728813559322,0.7947019867549668,0.07107466848047933,0.11358331746153187
55,gradient_boosting,temporal,200,0.77,0.8462174452252997,0.8160020266144999,0.8,0.5853658536585366,0.8983050847457628,0.676056338028169,0.12332344896847097,0.16629637220490917
55,xgboost,static,200,0.855,0.9195431996692849,0.8738516997927686,0.8441558441558441,0.7926829268292683,0.8983050847457628,0.8176100628930818,0.09333226142443893,0.11673913557708801
55,xgboost,temporal,200,0.8,0.8637866887143447,0.8230653442514343,0.8387096774193549,0.6341463414634146,0.9152542372881356,0.7222222222222222,0.12807257681473858,0.16243823050694237
55,lstm,static,200,0.875,0.9432616783794957,0.9127706170791053,0.8433734939759037,0.8536585365853658,0.8898305084745762,0.8484848484848485,0.026522915987297897,0.09112839992152043
55,lstm,temporal,200,0.875,0.9486357999173212,0.9189553826490573,0.8518518518518519,0.8414634146341463,0.8983050847457628,0.8466257668711656,0.042102516766171896,0.08829746835064277
55,tcn,static,200,0.845,0.9275010334849111,0.8825739086637912,0.84,0.7682926829268293,0.8983050847457628,0.802547770700637,0.13934805536727668,0.13380714357240364
55,tcn,temporal,200,0.835,0.9086399338569657,0.8655506401940951,0.8266666666666667,0.7560975609756098,0.8898305084745762,0.7898089171974523,0.16816809361604257,0.15901509299723443
56,logistic_regression,static,200,0.855,0.9016945348445742,0.8596697669023423,0.7794117647058824,0.7910447761194029,0.8872180451127819,0.7851851851851852,0.047419452452289845,0.10931543896796235
56,logistic_regression,temporal,200,0.83,0.901357872292672,0.8280257538262974,0.7796610169491526,0.6865671641791045,0.9022556390977443,0.7301587301587301,0.0578995830007285,0.12013179452129404
56,random_forest,static,200,0.855,0.9171249018067557,0.8617369297727582,0.7714285714285715,0.8059701492537313,0.8796992481203008,0.7883211678832117,0.06547500000000002,0.10676712499999999
56,random_forest,temporal,200,0.82,0.8618561328694871,0.7432293665220748,0.7627118644067796,0.6716417910447762,0.8947368421052632,0.7142857142857143,0.084125,0.136729375
56,gradient_boosting,static,200,0.84,0.9261025698574795,0.8696473073725818,0.7611940298507462,0.7611940298507462,0.8796992481203008,0.7611940298507462,0.08539006191225587,0.11842010629546289
56,gradient_boosting,temporal,200,0.815,0.8458085512288183,0.7572538156872163,0.7272727272727273,0.7164179104477612,0.8646616541353384,0.7218045112781954,0.11406436076896992,0.15173588305682134
56,xgboost,static,200,0.81,0.9119066322522724,0.7929996427153914,0.7230769230769231,0.7014925373134329,0.8646616541353384,0.7121212121212122,0.12274770977877779,0.13750931309767767
56,xgboost,temporal,200,0.81,0.8415441589047244,0.6990574779943827,0.7301587301587301,0.6865671641791045,0.8721804511278195,0.7076923076923077,0.12229749896534485,0.15956133201931366
56,lstm,static,200,0.86,0.9316575019638649,0.8777016503433076,0.782608695652174,0.8059701492537313,0.8872180451127819,0.7941176470588235,0.08220025255344808,0.10204524456061868
56,lstm,temporal,200,0.87,0.9221187296599709,0.8641332359703983,0.8153846153846154,0.7910447761194029,0.9097744360902256,0.803030303030303,0.1068693392397836,0.10870363620145294
56,tcn,static,200,0.85,0.8868813825608798,0.8239548972791362,0.7534246575342466,0.8208955223880597,0.8646616541353384,0.7857142857142857,0.14863049838441078,0.1442127732995417
56,tcn,temporal,200,0.775,0.8739759847379642,0.7999174541444762,0.6774193548387096,0.6268656716417911,0.849624060150376,0.6511627906976745,0.1853714892001313,0.1802956393047345
57,logistic_regression,static,200,0.88,0.9116687066503467,0.9151957404626667,0.9305555555555556,0.7790697674418605,0.956140350877193,0.8481012658227848,0.09366603659663181,0.10272289847255311
57,logistic_regression,temporal,200,0.78,0.9086087311301511,0.8943966994297627,0.92,0.5348837209302325,0.9649122807017544,0.6764705882352942,0.13908688032158648,0.14186225545428127
57,random_forest,static,200,0.82,0.9261525907792737,0.9137753359088634,0.8787878787878788,0.6744186046511628,0.9298245614035088,0.7631578947368421,0.11590000000000002,0.122071
57,random_forest,temporal,200,0.715,0.8132394940840473,0.7830700281695359,0.7164179104477612,0.5581395348837209,0.8333333333333334,0.6274509803921569,0.09995,0.17181249999999998
57,gradient_boosting,static,200,0.815,0.9196756425948592,0.902075811206418,0.8769230769230769,0.6627906976744186,0.9298245614035088,0.7549668874172185,0.11414723516128122,0.13405201062053457
57,gradient_boosting,temporal,200,0.705,0.765044879640963,0.7148112472407496,0.6626506024096386,0.6395348837209303,0.7543859649122807,0.650887573964497,0.1405114814853863,0.2115432761223317
57,xgboost,static,200,0.81,0.9230926152590779,0.9086055769850742,0.8636363636363636,0.6627906976744186,0.9210526315789473,0.75,0.12603954498277745,0.13772153923234898
57,xgboost,temporal,200,0.745,0.8353733170134638,0.820806446503513,0.8070175438596491,0.5348837209302325,0.9035087719298246,0.6433566433566433,0.15074934016913175,0.1915357300613856
57,lstm,static,200,0.91,0.9378824969400246,0.9300029400371219,0.9358974358974359,0.8488372093023255,0.956140350877193,0.8902439024390244,0.05991692685522139,0.08022608255532065
57,lstm,temporal,200,0.91,0.9426764585883313,0.936718460916354,0.9358974358974359,0.8488372093023255,0.956140350877193,0.8902439024390244,0.04595235344022511,0.08043879055257191
57,tcn,static,200,0.8,0.8952978376172991,0.8429447094264848,0.8194444444444444,0.686046511627907,0.8859649122807017,0.7468354430379747,0.17067838222041914,0.16872619165044717
57,tcn,temporal,200,0.805,0.8765809873521011,0.828753424014092,0.8051948051948052,0.7209302325581395,0.868421052631579,0.7607361963190185,0.19683439451083315,0.1933522101218522
58,logistic_regression,static,200,0.9,0.9413619167717528,0.920635354080945,0.8536585365853658,0.8974358974358975,0.9016393442622951,0.875,0.04576277518119612,0.0842321312111136
58,logistic_regression,temporal,200,0.825,0.8680117696511138,0.8385153425206217,0.8307692307692308,0.6923076923076923,0.9098360655737705,0.7552447552447552,0.09614965903410254,0.13282384396145838
58,random_forest,static,200,0.89,0.9484552332912989,0.891246062090084,0.8333333333333334,0.8974358974358975,0.8852459016393442,0.8641975308641975,0.04372500000000001,0.086042875
58,random_forest,temporal,200,0.835,0.9238125262715428,0.8690183458021395,0.8571428571428571,0.6923076923076923,0.9262295081967213,0.7659574468085106,0.12377500000000001,0.120867875
58,gradient_boosting,static,200,0.89,0.9413093736864229,0.895984918163601,0.8414634146341463,0.8846153846153846,0.8934426229508197,0.8625,0.052088070729743155,0.08953697891742653
58,gradient_boosting,temporal,200,0.825,0.8809373686422867,0.7933525368530002,0.7945205479452054,0.7435897435897436,0.8770491803278688,0.7682119205298014,0.057614519409949355,0.13390778362761752
58,xgboost,static,200,0.855,0.9311685582177386,0.8785725697877917,0.810126582278481,0.8205128205128205,0.8770491803278688,0.8152866242038217,0.07849758778436808,0.10396089077789464
58,xgboost,temporal,200,0.815,0.8672761664564943,0.8082374136975271,0.8059701492537313,0.6923076923076923,0.8934426229508197,0.7448275862068966,0.06760968521703037,0.14265466186522155
58,lstm,static,200,0.91,0.9544976881042455,0.9298360586497322,0.8409090909090909,0.9487179487179487,0.8852459016393442,0.891566265060241,0.04942225769627837,0.07583927415359418
58,lstm,temporal,200,0.91,0.9506094997898278,0.9184828832306656,0.8333333333333334,0.9615384615384616,0.8770491803278688,0.8928571428571429,0.0700780352181755,0.08243484218136768
58,tcn,static,200,0.795,0.8975935266918874,0.8535390881796512,0.7032967032967034,0.8205128205128205,0.7786885245901639,0.757396449704142,0.1741686758012409,0.1807677547269212
58,tcn,temporal,200,0.8,0.8700084068936529,0.8295022612765045,0.796875,0.6538461538461539,0.8934426229508197,0.7183098591549296,0.18212032576171244,0.18470580188707267
59,logistic_regression,static,200,0.895,0.9109375000000001,0.8987966966281127,0.8831168831168831,0.85,0.925,0.8662420382165605,0.02477768390191841,0.09144451711078784
59,logistic_regression,temporal,200,0.88,0.8932291666666666,0.8765384332533614,0.8783783783783784,0.8125,0.925,0.8441558441558441,0.061701002569921636,0.10453729355005859
59,random_forest,static,200,0.905,0.9619270833333333,0.9343591091672565,0.8860759493670886,0.875,0.925,0.8805031446540881,0.06362499999999999,0.076191375
59,random_forest,temporal,200,0.83,0.9118229166666667,0.8589204242363921,0.8833333333333333,0.6625,0.9416666666666667,0.7571428571428571,0.10172499999999998,0.121018375
59,gradient_boosting,static,200,0.9,0.9603125,0.9334832080886792,0.8846153846153846,0.8625,0.925,0.8734177215189873,0.071191605820049,0.08076701188692408
59,gradient_boosting,temporal,200,0.835,0.8658854166666666,0.8372129624312308,0.8507462686567164,0.7125,0.9166666666666666,0.7755102040816326,0.07631618121480097,0.13376430622458635
59,xgboost,static,200,0.865,0.9476041666666666,0.8907960474460205,0.863013698630137,0.7875,0.9166666666666666,0.8235294117647058,0.09162870947060581,0.10149208379761304
59,xgboost,temporal,200,0.78,0.8716666666666666,0.8049243103634369,0.8333333333333334,0.5625,0.925,0.6716417910447762,0.13405182664835597,0.16087814113913637
59,lstm,static,200,0.91,0.9722916666666668,0.959619242681519,0.8604651162790697,0.925,0.9,0.891566265060241,0.031588129426818344,0.06499662927272377
59,lstm,temporal,200,0.91,0.9679166666666668,0.9527045834063547,0.8522727272727273,0.9375,0.8916666666666667,0.8928571428571429,0.03070743001298979,0.06775077054141163
59,tcn,static,200,0.86,0.9439583333333333,0.9095140488963338,0.8095238095238095,0.85,0.8666666666666667,0.8292682926829268,0.1216206567677919,0.11819734786578037
59,tcn,temporal,200,0.845,0.9327083333333333,0.8766809754602094,0.8450704225352113,0.75,0.9083333333333333,0.7947019867549668,0.13700100357430367,0.13547565305657125
60,logistic_regression,static,200,0.905,0.9118933333333333,0.8747133226005791,0.8589743589743589,0.8933333333333333,0.912,0.8758169934640523,0.037876981804986755,0.08694366973652894
60,logistic_regression,temporal,200,0.835,0.8793600000000001,0.8369270029062785,0.8387096774193549,0.6933333333333334,0.92,0.7591240875912408,0.08313960955951957,0.12254110053105963
60,random_forest,static,200,0.87,0.93952,0.8925020863705719,0.7951807228915663,0.88,0.864,0.8354430379746836,0.051449999999999954,0.09762875000000001
60,random_forest,temporal,200,0.855,0.8917333333333334,0.8457932876988522,0.8194444444444444,0.7866666666666666,0.896,0.8027210884353742,0.07747500000000002,0.122397375
60,gradient_boosting,static,200,0.85,0.9343466666666667,0.8824001627161658,0.8082191780821918,0.7866666666666666,0.888,0.7972972972972973,0.09707622587697262,0.10562400709443918
60,gradient_boosting,temporal,200,0.78,0.8496533333333334,0.8077923875155271,0.7012987012987013,0.72,0.816,0.7105263157894737,0.07950496969857233,0.15452116962324797
60,xgboost,static,200,0.855,0.9332266666666666,0.8766039591059126,0.8026315789473685,0.8133333333333334,0.88,0.8079470198675497,0.08656726366316436,0.11247216030782764
60,xgboost,temporal,200,0.815,0.8728533333333333,0.8253628803163,0.7794117647058824,0.7066666666666667,0.88,0.7412587412587412,0.09918158201035114,0.14187129658148373
60,lstm,static,200,0.73,0.9209600000000001,0.8181921965482154,0.584,0.9733333333333334,0.584,0.73,0.13487454331247137,0.1477633823525777
60,lstm,temporal,200,0.69,0.9234133333333334,0.8500142525084308,0.5488721804511278,0.9733333333333334,0.52,0.7019230769230769,0.15572481362381949,0.1642412880503516
60,tcn,static,200,0.855,0.9057066666666667,0.8350810705813507,0.8026315789473685,0.8133333333333334,0.88,0.8079470198675497,0.13488460485908577,0.13466532149833974
60,tcn,temporal,200,0.805,0.8924266666666667,0.8370421576494547,0.7727272727272727,0.68,0.88,0.723404255319149,0.17982667202306862,0.18078208946223995
61,logistic_regression,static,200,0.87,0.8967126623376623,0.9044668928204895,0.8690476190476191,0.8295454545454546,0.9017857142857143,0.8488372093023255,0.07500710229766491,0.10859667284830327
61,logistic_regression,temporal,200,0.76,0.8508522727272727,0.842448160575082,0.8571428571428571,0.5454545454545454,0.9285714285714286,0.6666666666666666,0.12270298422042397,0.16878044125855535
61,random_forest,static,200,0.87,0.9455661525974027,0.9313328067687554,0.8875,0.8068181818181818,0.9196428571428571,0.8452380952380952,0.05582499999999999,0.094099875
61,random_forest,temporal,200,0.8,0.8524249188311688,0.8319232199002154,0.8428571428571429,0.6704545454545454,0.9017857142857143,0.7468354430379747,0.08687500000000001,0.158621375
61,gradient_boosting,static,200,0.86,0.9443993506493508,0.9270219622348141,0.8846153846153846,0.7840909090909091,0.9196428571428571,0.8313253012048193,0.07158382172724508,0.09974965035274692
61,gradient_boosting,temporal,200,0.71,0.7882508116883117,0.7374073938452044,0.7083333333333334,0.5795454545454546,0.8125,0.6375,0.1376322241489347,0.2037888966788445
61,xgboost,static,200,0.84,0.9375,0.9229342492678788,0.8589743589743589,0.7613636363636364,0.9017857142857143,0.8072289156626506,0.09862312657525764,0.11255843344313775
61,xgboost,temporal,200,0.705,0.8183847402597403,0.7574172409611617,0.7377049180327869,0.5113636363636364,0.8571428571428571,0.6040268456375839,0.19515626723383317,0.21033352312500306
61,lstm,static,200,0.895,0.9488636363636364,0.9329832183158955,0.8764044943820225,0.8863636363636364,0.9017857142857143,0.8813559322033898,0.032718880258034905,0.08234387792761337
61,lstm,temporal,200,0.885,0.9431818181818181,0.9269193983924965,0.8571428571428571,0.8863636363636364,0.8839285714285714,0.8715083798882681,0.06454312517540532,0.09263421924845679
61,tcn,static,200,0.875,0.9012276785714286,0.8866370569793045,0.8620689655172413,0.8522727272727273,0.8928571428571429,0.8571428571428571,0.11718472619799145,0.11964724392425391
61,tcn,temporal,200,0.77,0.8623173701298701,0.8534281127362173,0.7837837837837838,0.6590909090909091,0.8571428571428571,0.7160493827160493,0.19648624840593593,0.19596633079426198
