seed,regime,metric,model,rank
42,static,auroc,lstm,1
42,static,auroc,tcn,2
42,static,auroc,random_forest,3
42,static,auroc,gradient_boosting,4
42,static,auroc,logistic_regression,5
42,static,auroc,xgboost,6
42,static,auprc,lstm,1
42,static,auprc,tcn,2
42,static,auprc,logistic_regression,3
42,static,auprc,random_forest,4
42,static,auprc,gradient_boosting,5
42,static,auprc,xgboost,6
42,static,accuracy,lstm,1
42,static,accuracy,logistic_regression,2
42,static,accuracy,tcn,3
42,static,accuracy,random_forest,4
42,static,accuracy,gradient_boosting,5
42,static,accuracy,xgboost,6
42,static,ece,logistic_regression,1
42,static,ece,random_forest,2
42,static,ece,gradient_boosting,3
42,static,ece,lstm,4
42,static,ece,xgboost,5
42,static,ece,tcn,6
42,static,brier,lstm,1
42,static,brier,logistic_regression,2
42,static,brier,random_forest,3
42,static,brier,tcn,4
42,static,brier,gradient_boosting,5
42,static,brier,xgboost,6
42,temporal,auroc,lstm,1
42,temporal,auroc,tcn,2
42,temporal,auroc,logistic_regression,3
42,temporal,auroc,random_forest,4
42,temporal,auroc,gradient_boosting,5
42,temporal,auroc,xgboost,6
42,temporal,auprc,lstm,1
42,temporal,auprc,tcn,2
42,temporal,auprc,logistic_regression,3
42,temporal,auprc,random_forest,4
42,temporal,auprc,gradient_boosting,5
42,temporal,auprc,xgboost,6
42,temporal,accuracy,lstm,1
42,temporal,accuracy,logistic_regression,2
42,temporal,accuracy,tcn,3
42,temporal,accuracy,random_forest,4
42,temporal,accuracy,gradient_boosting,5
42,temporal,accuracy,xgboost,6
42,temporal,ece,logistic_regression,1
42,temporal,ece,lstm,2
42,temporal,ece,random_forest,3
42,temporal,ece,tcn,4
42,temporal,ece,gradient_boosting,5
42,temporal,ece,xgboost,6
42,temporal,brier,lstm,1
42,temporal,brier,logistic_regression,2
42,temporal,brier,tcn,3
42,temporal,brier,random_forest,4
42,temporal,brier,gradient_boosting,5
42,temporal,brier,xgboost,6
43,static,auroc,xgboost,1
43,static,auroc,gradient_boosting,2
43,static,auroc,random_forest,3
43,static,auroc,lstm,4
43,static,auroc,tcn,5
43,static,auroc,logistic_regression,6
43,static,auprc,gradient_boosting,1
43,static,auprc,xgboost,2
43,static,auprc,random_forest,3
43,static,auprc,lstm,4
43,static,auprc,logistic_regression,5
43,static,auprc,tcn,6
43,static,accuracy,lstm,1
43,static,accuracy,gradient_boosting,2
43,static,accuracy,random_forest,3
43,static,accuracy,logistic_regression,4
43,static,accuracy,xgboost,5
43,static,accuracy,tcn,6
43,static,ece,random_forest,1
43,static,ece,gradient_boosting,2
43,static,ece,logistic_regression,3
43,static,ece,lstm,4
43,static,ece,xgboost,5
43,static,ece,tcn,6
43,static,brier,gradient_boosting,1
43,static,brier,random_forest,2
43,static,brier,lstm,3
43,static,brier,xgboost,4
43,static,brier,logistic_regression,5
43,static,brier,tcn,6
43,temporal,auroc,lstm,1
43,temporal,auroc,random_forest,2
43,temporal,auroc,xgboost,3
43,temporal,auroc,gradient_boosting,4
43,temporal,auroc,tcn,5
43,temporal,auroc,logistic_regression,6
43,temporal,auprc,lstm,1
43,temporal,auprc,random_forest,2
43,temporal,auprc,xgboost,3
43,temporal,auprc,logistic_regression,4
43,temporal,auprc,gradient_boosting,5
43,temporal,auprc,tcn,6
43,temporal,accuracy,random_forest,1
43,temporal,accuracy,xgboost,2
43,temporal,accuracy,logistic_regression,3
43,temporal,accuracy,lstm,4
43,temporal,accuracy,gradient_boosting,5
43,temporal,accuracy,tcn,6
43,temporal,ece,gradient_boosting,1
43,temporal,ece,xgboost,2
43,temporal,ece,random_forest,3
43,temporal,ece,lstm,4
43,temporal,ece,logistic_regression,5
43,temporal,ece,tcn,6
43,temporal,brier,random_forest,1
43,temporal,brier,xgboost,2
43,temporal,brier,logistic_regression,3
43,temporal,brier,gradient_boosting,4
43,temporal,brier,lstm,5
43,temporal,brier,tcn,6
44,static,auroc,lstm,1
44,static,auroc,gradient_boosting,2
44,static,auroc,xgboost,3
44,static,auroc,random_forest,4
44,static,auroc,tcn,5
44,static,auroc,logistic_regression,6
44,static,auprc,lstm,1
44,static,auprc,gradient_boosting,2
44,static,auprc,random_forest,3
44,static,auprc,tcn,4
44,static,auprc,logistic_regression,5
44,static,auprc,xgboost,6
44,static,accuracy,logistic_regression,1
44,static,accuracy,lstm,2
44,static,accuracy,random_forest,3
44,static,accuracy,gradient_boosting,4
44,static,accuracy,xgboost,5
44,static,accuracy,tcn,6
44,static,ece,random_forest,1
44,static,ece,logistic_regression,2
44,static,ece,gradient_boosting,3
44,static,ece,lstm,4
44,static,ece,xgboost,5
44,static,ece,tcn,6
44,static,brier,logistic_regression,1
44,static,brier,lstm,2
44,static,brier,random_forest,3
44,static,brier,gradient_boosting,4
44,static,brier,xgboost,5
44,static,brier,tcn,6
44,temporal,auroc,lstm,1
44,temporal,auroc,tcn,2
44,temporal,auroc,random_forest,3
44,temporal,auroc,xgboost,4
44,temporal,auroc,gradient_boosting,5
44,temporal,auroc,logistic_regression,6
44,temporal,auprc,lstm,1
44,temporal,auprc,random_forest,2
44,temporal,auprc,tcn,3
44,temporal,auprc,xgboost,4
44,temporal,auprc,gradient_boosting,5
44,temporal,auprc,logistic_regression,6
44,temporal,accuracy,lstm,1
44,temporal,accuracy,tcn,2
44,temporal,accuracy,random_forest,3
44,temporal,accuracy,logistic_regression,4
44,temporal,accuracy,xgboost,5
44,temporal,accuracy,gradient_boosting,6
44,temporal,ece,lstm,1
44,temporal,ece,logistic_regression,2
44,temporal,ece,random_forest,3
44,temporal,ece,xgboost,4
44,temporal,ece,gradient_boosting,5
44,temporal,ece,tcn,6
44,temporal,brier,lstm,1
44,temporal,brier,random_forest,2
44,temporal,brier,xgboost,3
44,temporal,brier,tcn,4
44,temporal,brier,logistic_regression,5
44,temporal,brier,gradient_boosting,6
45,static,auroc,lstm,1
45,static,auroc,logistic_regression,2
45,static,auroc,tcn,3
45,static,auroc,random_forest,4
45,static,auroc,xgboost,5
45,static,auroc,gradient_boosting,6
45,static,auprc,lstm,1
45,static,auprc,random_forest,2
45,static,auprc,tcn,3
45,static,auprc,xgboost,4
45,static,auprc,logistic_regression,5
45,static,auprc,gradient_boosting,6
45,static,accuracy,xgboost,1
45,static,accuracy,logistic_regression,2
45,static,accuracy,random_forest,3
45,static,accuracy,gradient_boosting,4
45,static,accuracy,lstm,5
45,static,accuracy,tcn,6
45,static,ece,random_forest,1
45,static,ece,gradient_boosting,2
45,static,ece,logistic_regression,3
45,static,ece,xgboost,4
45,static,ece,lstm,5
45,static,ece,tcn,6
45,static,brier,random_forest,1
45,static,brier,logistic_regression,2
45,static,brier,xgboost,3
45,static,brier,lstm,4
45,static,brier,gradient_boosting,5
45,static,brier,tcn,6
45,temporal,auroc,lstm,1
45,temporal,auroc,tcn,2
45,temporal,auroc,random_forest,3
45,temporal,auroc,logistic_regression,4
45,temporal,auroc,xgboost,5
45,temporal,auroc,gradient_boosting,6
45,temporal,auprc,lstm,1
45,temporal,auprc,tcn,2
45,temporal,auprc,random_forest,3
45,temporal,auprc,logistic_regression,4
45,temporal,auprc,xgboost,5
45,temporal,auprc,gradient_boosting,6
45,temporal,accuracy,tcn,1
45,temporal,accuracy,random_forest,2
45,temporal,accuracy,xgboost,3
45,temporal,accuracy,gradient_boosting,4
45,temporal,accuracy,logistic_regression,5
45,temporal,accuracy,lstm,6
45,temporal,ece,random_forest,1
45,temporal,ece,logistic_regression,2
45,temporal,ece,gradient_boosting,3
45,temporal,ece,xgboost,4
45,temporal,ece,lstm,5
45,temporal,ece,tcn,6
45,temporal,brier,random_forest,1
45,temporal,brier,lstm,2
45,temporal,brier,tcn,3
45,temporal,brier,logistic_regression,4
45,temporal,brier,xgboost,5
45,temporal,brier,gradient_boosting,6
46,static,auroc,lstm,1
46,static,auroc,xgboost,2
46,static,auroc,random_forest,3
46,static,auroc,gradient_boosting,4
46,static,auroc,logistic_regression,5
46,static,auroc,tcn,6
46,static,auprc,lstm,1
46,static,auprc,xgboost,2
46,static,auprc,logistic_regression,3
46,static,auprc,random_forest,4
46,static,auprc,gradient_boosting,5
46,static,auprc,tcn,6
46,static,accuracy,logistic_regression,1
46,static,accuracy,lstm,2
46,static,accuracy,random_forest,3
46,static,accuracy,xgboost,4
46,static,accuracy,gradient_boosting,5
46,static,accuracy,tcn,6
46,static,ece,random_forest,1
46,static,ece,gradient_boosting,2
46,static,ece,xgboost,3
46,static,ece,logistic_regression,4
46,static,ece,lstm,5
46,static,ece,tcn,6
46,static,brier,lstm,1
46,static,brier,logistic_regression,2
46,static,brier,random_forest,3
46,static,brier,xgboost,4
46,static,brier,gradient_boosting,5
46,static,brier,tcn,6
46,temporal,auroc,lstm,1
46,temporal,auroc,random_forest,2
46,temporal,auroc,logistic_regression,3
46,temporal,auroc,tcn,4
46,temporal,auroc,xgboost,5
46,temporal,auroc,gradient_boosting,6
46,temporal,auprc,lstm,1
46,temporal,auprc,logistic_regression,2
46,temporal,auprc,random_forest,3
46,temporal,auprc,xgboost,4
46,temporal,auprc,gradient_boosting,5
46,temporal,auprc,tcn,6
46,temporal,accuracy,lstm,1
46,temporal,accuracy,logistic_regression,2
46,temporal,accuracy,random_forest,3
46,temporal,accuracy,gradient_boosting,4
46,temporal,accuracy,xgboost,5
46,temporal,accuracy,tcn,6
46,temporal,ece,lstm,1
46,temporal,ece,gradient_boosting,2
46,temporal,ece,logistic_regression,3
46,temporal,ece,random_forest,4
46,temporal,ece,xgboost,5
46,temporal,ece,tcn,6
46,temporal,brier,lstm,1
46,temporal,brier,logistic_regression,2
46,temporal,brier,random_forest,3
46,temporal,brier,gradient_boosting,4
46,temporal,brier,xgboost,5
46,temporal,brier,tcn,6
47,static,auroc,random_forest,1
47,static,auroc,xgboost,2
47,static,auroc,gradient_boosting,3
47,static,auroc,lstm,4
47,static,auroc,logistic_regression,5
47,static,auroc,tcn,6
47,static,auprc,random_forest,1
47,static,auprc,xgboost,2
47,static,auprc,gradient_boosting,3
47,static,auprc,logistic_regression,4
47,static,auprc,lstm,5
47,static,auprc,tcn,6
47,static,accuracy,random_forest,1
47,static,accuracy,xgboost,2
47,static,accuracy,lstm,3
47,static,accuracy,logistic_regression,4
47,static,accuracy,gradient_boosting,5
47,static,accuracy,tcn,6
47,static,ece,logistic_regression,1
47,static,ece,gradient_boosting,2
47,static,ece,random_forest,3
47,static,ece,lstm,4
47,static,ece,xgboost,5
47,static,ece,tcn,6
47,static,brier,xgboost,1
47,static,brier,random_forest,2
47,static,brier,logistic_regression,3
47,static,brier,gradient_boosting,4
47,static,brier,lstm,5
47,static,brier,tcn,6
47,temporal,auroc,lstm,1
47,temporal,auroc,random_forest,2
47,temporal,auroc,gradient_boosting,3
47,temporal,auroc,tcn,4
47,temporal,auroc,logistic_regression,5
47,temporal,auroc,xgboost,6
47,temporal,auprc,lstm,1
47,temporal,auprc,random_forest,2
47,temporal,auprc,xgboost,3
47,temporal,auprc,logistic_regression,4
47,temporal,auprc,tcn,5
47,temporal,auprc,gradient_boosting,6
47,temporal,accuracy,lstm,1
47,temporal,accuracy,gradient_boosting,2
47,temporal,accuracy,random_forest,3
47,temporal,accuracy,xgboost,4
47,temporal,accuracy,tcn,5
47,temporal,accuracy,logistic_regression,6
47,temporal,ece,gradient_boosting,1
47,temporal,ece,xgboost,2
47,temporal,ece,lstm,3
47,temporal,ece,logistic_regression,4
47,temporal,ece,random_forest,5
47,temporal,ece,tcn,6
47,temporal,brier,lstm,1
47,temporal,brier,gradient_boosting,2
47,temporal,brier,xgboost,3
47,temporal,brier,random_forest,4
47,temporal,brier,logistic_regression,5
47,temporal,brier,tcn,6
48,static,auroc,lstm,1
48,static,auroc,gradient_boosting,2
48,static,auroc,random_forest,3
48,static,auroc,xgboost,4
48,static,auroc,tcn,5
48,static,auroc,logistic_regression,6
48,static,auprc,lstm,1
48,static,auprc,gradient_boosting,2
48,static,auprc,random_forest,3
48,static,auprc,logistic_regression,4
48,static,auprc,xgboost,5
48,static,auprc,tcn,6
48,static,accuracy,random_forest,1
48,static,accuracy,logistic_regression,2
48,static,accuracy,lstm,3
48,static,accuracy,gradient_boosting,4
48,static,accuracy,xgboost,5
48,static,accuracy,tcn,6
48,static,ece,logistic_regression,1
48,static,ece,gradient_boosting,2
48,static,ece,random_forest,3
48,static,ece,lstm,4
48,static,ece,tcn,5
48,static,ece,xgboost,6
48,static,brier,lstm,1
48,static,brier,random_forest,2
48,static,brier,gradient_boosting,3
48,static,brier,logistic_regression,4
48,static,brier,tcn,5
48,static,brier,xgboost,6
48,temporal,auroc,lstm,1
48,temporal,auroc,tcn,2
48,temporal,auroc,random_forest,3
48,temporal,auroc,logistic_regression,4
48,temporal,auroc,gradient_boosting,5
48,temporal,auroc,xgboost,6
48,temporal,auprc,lstm,1
48,temporal,auprc,tcn,2
48,temporal,auprc,logistic_regression,3
48,temporal,auprc,random_forest,4
48,temporal,auprc,gradient_boosting,5
48,temporal,auprc,xgboost,6
48,temporal,accuracy,lstm,1
48,temporal,accuracy,tcn,2
48,temporal,accuracy,random_forest,3
48,temporal,accuracy,gradient_boosting,4
48,temporal,accuracy,logistic_regression,5
48,temporal,accuracy,xgboost,6
48,temporal,ece,lstm,1
48,temporal,ece,logistic_regression,2
48,temporal,ece,gradient_boosting,3
48,temporal,ece,random_forest,4
48,temporal,ece,xgboost,5
48,temporal,ece,tcn,6
48,temporal,brier,lstm,1
48,temporal,brier,random_forest,2
48,temporal,brier,tcn,3
48,temporal,brier,gradient_boosting,4
48,temporal,brier,logistic_regression,5
48,temporal,brier,xgboost,6
49,static,auroc,random_forest,1
49,static,auroc,lstm,2
49,static,auroc,xgboost,3
49,static,auroc,gradient_boosting,4
49,static,auroc,tcn,5
49,static,auroc,logistic_regression,6
49,static,auprc,random_forest,1
49,static,auprc,xgboost,2
49,static,auprc,lstm,3
49,static,auprc,gradient_boosting,4
49,static,auprc,logistic_regression,5
49,static,auprc,tcn,6
49,static,accuracy,random_forest,1
49,static,accuracy,logistic_regression,2
49,static,accuracy,xgboost,3
49,static,accuracy,lstm,4
49,static,accuracy,tcn,5
49,static,accuracy,gradient_boosting,6
49,static,ece,logistic_regression,1
49,static,ece,gradient_boosting,2
49,static,ece,random_forest,3
49,static,ece,xgboost,4
49,static,ece,lstm,5
49,static,ece,tcn,6
49,static,brier,random_forest,1
49,static,brier,xgboost,2
49,static,brier,lstm,3
49,static,brier,gradient_boosting,4
49,static,brier,logistic_regression,5
49,static,brier,tcn,6
49,temporal,auroc,lstm,1
49,temporal,auroc,tcn,2
49,temporal,auroc,logistic_regression,3
49,temporal,auroc,xgboost,4
49,temporal,auroc,random_forest,5
49,temporal,auroc,gradient_boosting,6
49,temporal,auprc,lstm,1
49,temporal,auprc,tcn,2
49,temporal,auprc,logistic_regression,3
49,temporal,auprc,xgboost,4
49,temporal,auprc,random_forest,5
49,temporal,auprc,gradient_boosting,6
49,temporal,accuracy,lstm,1
49,temporal,accuracy,tcn,2
49,temporal,accuracy,logistic_regression,3
49,temporal,accuracy,xgboost,4
49,temporal,accuracy,random_forest,5
49,temporal,accuracy,gradient_boosting,6
49,temporal,ece,random_forest,1
49,temporal,ece,logistic_regression,2
49,temporal,ece,xgboost,3
49,temporal,ece,lstm,4
49,temporal,ece,gradient_boosting,5
49,temporal,ece,tcn,6
49,temporal,brier,lstm,1
49,temporal,brier,logistic_regression,2
49,temporal,brier,tcn,3
49,temporal,brier,xgboost,4
49,temporal,brier,random_forest,5
49,temporal,brier,gradient_boosting,6
50,static,auroc,lstm,1
50,static,auroc,tcn,2
50,static,auroc,random_forest,3
50,static,auroc,gradient_boosting,4
50,static,auroc,xgboost,5
50,static,auroc,logistic_regression,6
50,static,auprc,tcn,1
50,static,auprc,lstm,2
50,static,auprc,logistic_regression,3
50,static,auprc,random_forest,4
50,static,auprc,gradient_boosting,5
50,static,auprc,xgboost,6
50,static,accuracy,tcn,1
50,static,accuracy,logistic_regression,2
50,static,accuracy,random_forest,3
50,static,accuracy,gradient_boosting,4
50,static,accuracy,lstm,5
50,static,accuracy,xgboost,6
50,static,ece,gradient_boosting,1
50,static,ece,random_forest,2
50,static,ece,lstm,3
50,static,ece,logistic_regression,4
50,static,ece,tcn,5
50,static,ece,xgboost,6
50,static,brier,lstm,1
50,static,brier,logistic_regression,2
50,static,brier,tcn,3
50,static,brier,random_forest,4
50,static,brier,gradient_boosting,5
50,static,brier,xgboost,6
50,temporal,auroc,lstm,1
50,temporal,auroc,tcn,2
50,temporal,auroc,logistic_regression,3
50,temporal,auroc,random_forest,4
50,temporal,auroc,gradient_boosting,5
50,temporal,auroc,xgboost,6
50,temporal,auprc,lstm,1
50,temporal,auprc,tcn,2
50,temporal,auprc,logistic_regression,3
50,temporal,auprc,random_forest,4
50,temporal,auprc,gradient_boosting,5
50,temporal,auprc,xgboost,6
50,temporal,accuracy,random_forest,1
50,temporal,accuracy,gradient_boosting,2
50,temporal,accuracy,tcn,3
50,temporal,accuracy,xgboost,4
50,temporal,accuracy,logistic_regression,5
50,temporal,accuracy,lstm,6
50,temporal,ece,gradient_boosting,1
50,temporal,ece,lstm,2
50,temporal,ece,xgboost,3
50,temporal,ece,tcn,4
50,temporal,ece,logistic_regression,5
50,temporal,ece,random_forest,6
50,temporal,brier,lstm,1
50,temporal,brier,tcn,2
50,temporal,brier,gradient_boosting,3
50,temporal,brier,logistic_regression,4
50,temporal,brier,random_forest,5
50,temporal,brier,xgboost,6
51,static,auroc,random_forest,1
51,static,auroc,lstm,2
51,static,auroc,gradient_boosting,3
51,static,auroc,logistic_regression,4
51,static,auroc,tcn,5
51,static,auroc,xgboost,6
51,static,auprc,lstm,1
51,static,auprc,random_forest,2
51,static,auprc,logistic_regression,3
51,static,auprc,gradient_boosting,4
51,static,auprc,tcn,5
51,static,auprc,xgboost,6
51,static,accuracy,logistic_regression,1
51,static,accuracy,lstm,2
51,static,accuracy,random_forest,3
51,static,accuracy,gradient_boosting,4
51,static,accuracy,tcn,5
51,static,accuracy,xgboost,6
51,static,ece,logistic_regression,1
51,static,ece,gradient_boosting,2
51,static,ece,lstm,3
51,static,ece,random_forest,4
51,static,ece,tcn,5
51,static,ece,xgboost,6
51,static,brier,logistic_regression,1
51,static,brier,lstm,2
51,static,brier,gradient_boosting,3
51,static,brier,random_forest,4
51,static,brier,tcn,5
51,static,brier,xgboost,6
51,temporal,auroc,lstm,1
51,temporal,auroc,random_forest,2
51,temporal,auroc,logistic_regression,3
51,temporal,auroc,gradient_boosting,4
51,temporal,auroc,xgboost,5
51,temporal,auroc,tcn,6
51,temporal,auprc,lstm,1
51,temporal,auprc,random_forest,2
51,temporal,auprc,logistic_regression,3
51,temporal,auprc,tcn,4
51,temporal,auprc,xgboost,5
51,temporal,auprc,gradient_boosting,6
51,temporal,accuracy,lstm,1
51,temporal,accuracy,random_forest,2
51,temporal,accuracy,logistic_regression,3
51,temporal,accuracy,gradient_boosting,4
51,temporal,accuracy,xgboost,5
51,temporal,accuracy,tcn,6
51,temporal,ece,logistic_regression,1
51,temporal,ece,random_forest,2
51,temporal,ece,gradient_boosting,3
51,temporal,ece,lstm,4
51,temporal,ece,xgboost,5
51,temporal,ece,tcn,6
51,temporal,brier,lstm,1
51,temporal,brier,random_forest,2
51,temporal,brier,logistic_regression,3
51,temporal,brier,gradient_boosting,4
51,temporal,brier,xgboost,5
51,temporal,brier,tcn,6
52,static,auroc,lstm,1
52,static,auroc,random_forest,2
52,static,auroc,gradient_boosting,3
52,static,auroc,xgboost,4
52,static,auroc,logistic_regression,5
52,static,auroc,tcn,6
52,static,auprc,lstm,1
52,static,auprc,gradient_boosting,2
52,static,auprc,random_forest,3
52,static,auprc,logistic_regression,4
52,static,auprc,xgboost,5
52,static,auprc,tcn,6
52,static,accuracy,lstm,1
52,static,accuracy,logistic_regression,2
52,static,accuracy,random_forest,3
52,static,accuracy,xgboost,4
52,static,accuracy,gradient_boosting,5
52,static,accuracy,tcn,6
52,static,ece,random_forest,1
52,static,ece,gradient_boosting,2
52,static,ece,logistic_regression,3
52,static,ece,lstm,4
52,static,ece,xgboost,5
52,static,ece,tcn,6
52,static,brier,random_forest,1
52,static,brier,lstm,2
52,static,brier,logistic_regression,3
52,static,brier,gradient_boosting,4
52,static,brier,xgboost,5
52,static,brier,tcn,6
52,temporal,auroc,lstm,1
52,temporal,auroc,tcn,2
52,temporal,auroc,random_forest,3
52,temporal,auroc,xgboost,4
52,temporal,auroc,logistic_regression,5
52,temporal,auroc,gradient_boosting,6
52,temporal,auprc,lstm,1
52,temporal,auprc,logistic_regression,2
52,temporal,auprc,tcn,3
52,temporal,auprc,random_forest,4
52,temporal,auprc,gradient_boosting,5
52,temporal,auprc,xgboost,6
52,temporal,accuracy,lstm,1
52,temporal,accuracy,logistic_regression,2
52,temporal,accuracy,random_forest,3
52,temporal,accuracy,tcn,4
52,temporal,accuracy,xgboost,5
52,temporal,accuracy,gradient_boosting,6
52,temporal,ece,lstm,1
52,temporal,ece,logistic_regression,2
52,temporal,ece,gradient_boosting,3
52,temporal,ece,random_forest,4
52,temporal,ece,xgboost,5
52,temporal,ece,tcn,6
52,temporal,brier,lstm,1
52,temporal,brier,logistic_regression,2
52,temporal,brier,random_forest,3
52,temporal,brier,tcn,4
52,temporal,brier,gradient_boosting,5
52,temporal,brier,xgboost,6
53,static,auroc,lstm,1
53,static,auroc,random_forest,2
53,static,auroc,gradient_boosting,3
53,static,auroc,logistic_regression,4
53,static,auroc,xgboost,5
53,static,auroc,tcn,6
53,static,auprc,lstm,1
53,static,auprc,gradient_boosting,2
53,static,auprc,logistic_regression,3
53,static,auprc,random_forest,4
53,static,auprc,xgboost,5
53,static,auprc,tcn,6
53,static,accuracy,random_forest,1
53,static,accuracy,logistic_regression,2
53,static,accuracy,lstm,3
53,static,accuracy,gradient_boosting,4
53,static,accuracy,tcn,5
53,static,accuracy,xgboost,6
53,static,ece,gradient_boosting,1
53,static,ece,lstm,2
53,static,ece,logistic_regression,3
53,static,ece,random_forest,4
53,static,ece,xgboost,5
53,static,ece,tcn,6
53,static,brier,lstm,1
53,static,brier,logistic_regression,2
53,static,brier,random_forest,3
53,static,brier,gradient_boosting,4
53,static,brier,xgboost,5
53,static,brier,tcn,6
53,temporal,auroc,lstm,1
53,temporal,auroc,logistic_regression,2
53,temporal,auroc,random_forest,3
53,temporal,auroc,tcn,4
53,temporal,auroc,xgboost,5
53,temporal,auroc,gradient_boosting,6
53,temporal,auprc,lstm,1
53,temporal,auprc,logistic_regression,2
53,temporal,auprc,random_forest,3
53,temporal,auprc,tcn,4
53,temporal,auprc,xgboost,5
53,temporal,auprc,gradient_boosting,6
53,temporal,accuracy,lstm,1
53,temporal,accuracy,logistic_regression,2
53,temporal,accuracy,random_forest,3
53,temporal,accuracy,xgboost,4
53,temporal,accuracy,gradient_boosting,5
53,temporal,accuracy,tcn,6
53,temporal,ece,lstm,1
53,temporal,ece,logistic_regression,2
53,temporal,ece,gradient_boosting,3
53,temporal,ece,random_forest,4
53,temporal,ece,xgboost,5
53,temporal,ece,tcn,6
53,temporal,brier,lstm,1
53,temporal,brier,logistic_regression,2
53,temporal,brier,random_forest,3
53,temporal,brier,xgboost,4
53,temporal,brier,gradient_boosting,5
53,temporal,brier,tcn,6
54,static,auroc,xgboost,1
54,static,auroc,random_forest,2
54,static,auroc,tcn,3
54,static,auroc,lstm,4
54,static,auroc,gradient_boosting,5
54,static,auroc,logistic_regression,6
54,static,auprc,random_forest,1
54,static,auprc,xgboost,2
54,static,auprc,logistic_regression,3
54,static,auprc,gradient_boosting,4
54,static,auprc,tcn,5
54,static,auprc,lstm,6
54,static,accuracy,logistic_regression,1
54,static,accuracy,tcn,2
54,static,accuracy,lstm,3
54,static,accuracy,xgboost,4
54,static,accuracy,random_forest,5
54,static,accuracy,gradient_boosting,6
54,static,ece,lstm,1
54,static,ece,logistic_regression,2
54,static,ece,gradient_boosting,3
54,static,ece,random_forest,4
54,static,ece,xgboost,5
54,static,ece,tcn,6
54,static,brier,random_forest,1
54,static,brier,logistic_regression,2
54,static,brier,lstm,3
54,static,brier,xgboost,4
54,static,brier,tcn,5
54,static,brier,gradient_boosting,6
54,temporal,auroc,tcn,1
54,temporal,auroc,lstm,2
54,temporal,auroc,random_forest,3
54,temporal,auroc,logistic_regression,4
54,temporal,auroc,xgboost,5
54,temporal,auroc,gradient_boosting,6
54,temporal,auprc,tcn,1
54,temporal,auprc,lstm,2
54,temporal,auprc,logistic_regression,3
54,temporal,auprc,random_forest,4
54,temporal,auprc,xgboost,5
54,temporal,auprc,gradient_boosting,6
54,temporal,accuracy,lstm,1
54,temporal,accuracy,tcn,2
54,temporal,accuracy,random_forest,3
54,temporal,accuracy,logistic_regression,4
54,temporal,accuracy,xgboost,5
54,temporal,accuracy,gradient_boosting,6
54,temporal,ece,lstm,1
54,temporal,ece,logistic_regression,2
54,temporal,ece,gradient_boosting,3
54,temporal,ece,random_forest,4
54,temporal,ece,xgboost,5
54,temporal,ece,tcn,6
54,temporal,brier,lstm,1
54,temporal,brier,random_forest,2
54,temporal,brier,logistic_regression,3
54,temporal,brier,tcn,4
54,temporal,brier,xgboost,5
54,temporal,brier,gradient_boosting,6
55,static,auroc,lstm,1
55,static,auroc,gradient_boosting,2
55,static,auroc,random_forest,3
55,static,auroc,tcn,4
55,static,auroc,xgboost,5
55,static,auroc,logistic_regression,6
55,static,auprc,lstm,1
55,static,auprc,gradient_boosting,2
55,static,auprc,random_forest,3
55,static,auprc,logistic_regression,4
55,static,auprc,xgboost,5
55,static,auprc,tcn,6
55,static,accuracy,lstm,1
55,static,accuracy,tcn,2
55,static,accuracy,logistic_regression,3
55,static,accuracy,xgboost,4
55,static,accuracy,random_forest,5
55,static,accuracy,gradient_boosting,6
55,static,ece,random_forest,1
55,static,ece,lstm,2
55,static,ece,logistic_regression,3
55,static,ece,gradient_boosting,4
55,static,ece,xgboost,5
55,static,ece,tcn,6
55,static,brier,lstm,1
55,static,brier,tcn,2
55,static,brier,logistic_regression,3
55,static,brier,random_forest,4
55,static,brier,gradient_boosting,5
55,static,brier,xgboost,6
55,temporal,auroc,lstm,1
55,temporal,auroc,tcn,2
55,temporal,auroc,random_forest,3
55,temporal,auroc,logistic_regression,4
55,temporal,auroc,xgboost,5
55,temporal,auroc,gradient_boosting,6
55,temporal,auprc,lstm,1
55,temporal,auprc,logistic_regression,2
55,temporal,auprc,random_forest,3
55,temporal,auprc,tcn,4
55,temporal,auprc,xgboost,5
55,temporal,auprc,gradient_boosting,6
55,temporal,accuracy,lstm,1
55,temporal,accuracy,logistic_regression,2
55,temporal,accuracy,tcn,3
55,temporal,accuracy,random_forest,4
55,temporal,accuracy,xgboost,5
55,temporal,accuracy,gradient_boosting,6
55,temporal,ece,lstm,1
55,temporal,ece,logistic_regression,2
55,temporal,ece,random_forest,3
55,temporal,ece,gradient_boosting,4
55,temporal,ece,xgboost,5
55,temporal,ece,tcn,6
55,temporal,brier,lstm,1
55,temporal,brier,logistic_regression,2
55,temporal,brier,random_forest,3
55,temporal,brier,tcn,4
55,temporal,brier,xgboost,5
55,temporal,brier,gradient_boosting,6
56,static,auroc,gradient_boosting,1
56,static,auroc,random_forest,2
56,static,auroc,tcn,3
56,static,auroc,xgboost,4
56,static,auroc,lstm,5
56,static,auroc,logistic_regression,6
56,static,auprc,lstm,1
56,static,auprc,gradient_boosting,2
56,static,auprc,tcn,3
56,static,auprc,random_forest,4
56,static,auprc,logistic_regression,5
56,static,auprc,xgboost,6
56,static,accuracy,lstm,1
56,static,accuracy,tcn,2
56,static,accuracy,random_forest,3
56,static,accuracy,logistic_regression,4
56,static,accuracy,gradient_boosting,5
56,static,accuracy,xgboost,6
56,static,ece,logistic_regression,1
56,static,ece,lstm,2
56,static,ece,random_forest,3
56,static,ece,gradient_boosting,4
56,static,ece,tcn,5
56,static,ece,xgboost,6
56,static,brier,random_forest,1
56,static,brier,lstm,2
56,static,brier,logistic_regression,3
56,static,brier,tcn,4
56,static,brier,gradient_boosting,5
56,static,brier,xgboost,6
56,temporal,auroc,logistic_regression,1
56,temporal,auroc,lstm,2
56,temporal,auroc,tcn,3
56,temporal,auroc,random_forest,4
56,temporal,auroc,gradient_boosting,5
56,temporal,auroc,xgboost,6
56,temporal,auprc,lstm,1
56,temporal,auprc,logistic_regression,2
56,temporal,auprc,tcn,3
56,temporal,auprc,gradient_boosting,4
56,temporal,auprc,random_forest,5
56,temporal,auprc,xgboost,6
56,temporal,accuracy,lstm,1
56,temporal,accuracy,tcn,2
56,temporal,accuracy,logistic_regression,3
56,temporal,accuracy,random_forest,4
56,temporal,accuracy,gradient_boosting,5
56,temporal,accuracy,xgboost,6
56,temporal,ece,logistic_regression,1
56,temporal,ece,lstm,2
56,temporal,ece,random_forest,3
56,temporal,ece,gradient_boosting,4
56,temporal,ece,xgboost,5
56,temporal,ece,tcn,6
56,temporal,brier,lstm,1
56,temporal,brier,logistic_regression,2
56,temporal,brier,random_forest,3
56,temporal,brier,tcn,4
56,temporal,brier,gradient_boosting,5
56,temporal,brier,xgboost,6
57,static,auroc,lstm,1
57,static,auroc,random_forest,2
57,static,auroc,xgboost,3
57,static,auroc,gradient_boosting,4
57,static,auroc,logistic_regression,5
57,static,auroc,tcn,6
57,static,auprc,lstm,1
57,static,auprc,logistic_regression,2
57,static,auprc,random_forest,3
57,static,auprc,xgboost,4
57,static,auprc,gradient_boosting,5
57,static,auprc,tcn,6
57,static,accuracy,lstm,1
57,static,accuracy,logistic_regression,2
57,static,accuracy,tcn,3
57,static,accuracy,random_forest,4
57,static,accuracy,gradient_boosting,5
57,static,accuracy,xgboost,6
57,static,ece,lstm,1
57,static,ece,logistic_regression,2
57,static,ece,gradient_boosting,3
57,static,ece,random_forest,4
57,static,ece,xgboost,5
57,static,ece,tcn,6
57,static,brier,lstm,1
57,static,brier,logistic_regression,2
57,static,brier,random_forest,3
57,static,brier,gradient_boosting,4
57,static,brier,xgboost,5
57,static,brier,tcn,6
57,temporal,auroc,lstm,1
57,temporal,auroc,logistic_regression,2
57,temporal,auroc,tcn,3
57,temporal,auroc,xgboost,4
57,temporal,auroc,random_forest,5
57,temporal,auroc,gradient_boosting,6
57,temporal,auprc,lstm,1
57,temporal,auprc,logistic_regression,2
57,temporal,auprc,tcn,3
57,temporal,auprc,xgboost,4
57,temporal,auprc,random_forest,5
57,temporal,auprc,gradient_boosting,6
57,temporal,accuracy,lstm,1
57,temporal,accuracy,tcn,2
57,temporal,accuracy,logistic_regression,3
57,temporal,accuracy,xgboost,4
57,temporal,accuracy,random_forest,5
57,temporal,accuracy,gradient_boosting,6
57,temporal,ece,lstm,1
57,temporal,ece,random_forest,2
57,temporal,ece,logistic_regression,3
57,temporal,ece,gradient_boosting,4
57,temporal,ece,xgboost,5
57,temporal,ece,tcn,6
57,temporal,brier,lstm,1
57,temporal,brier,logistic_regression,2
57,temporal,brier,random_forest,3
57,temporal,brier,tcn,4
57,temporal,brier,xgboost,5
57,temporal,brier,gradient_boosting,6
58,static,auroc,random_forest,1
58,static,auroc,logistic_regression,2
58,static,auroc,gradient_boosting,3
58,static,auroc,lstm,4
58,static,auroc,xgboost,5
58,static,auroc,tcn,6
58,static,auprc,logistic_regression,1
58,static,auprc,lstm,2
58,static,auprc,gradient_boosting,3
58,static,auprc,random_forest,4
58,static,auprc,xgboost,5
58,static,auprc,tcn,6
58,static,accuracy,logistic_regression,1
58,static,accuracy,lstm,2
58,static,accuracy,random_forest,3
58,static,accuracy,gradient_boosting,4
58,static,accuracy,xgboost,5
58,static,accuracy,tcn,6
58,static,ece,random_forest,1
58,static,ece,logistic_regression,2
58,static,ece,gradient_boosting,3
58,static,ece,xgboost,4
58,static,ece,lstm,5
58,static,ece,tcn,6
58,static,brier,logistic_regression,1
58,static,brier,random_forest,2
58,static,brier,gradient_boosting,3
58,static,brier,lstm,4
58,static,brier,xgboost,5
58,static,brier,tcn,6
58,temporal,auroc,lstm,1
58,temporal,auroc,random_forest,2
58,temporal,auroc,tcn,3
58,temporal,auroc,gradient_boosting,4
58,temporal,auroc,logistic_regression,5
58,temporal,auroc,xgboost,6
58,temporal,auprc,lstm,1
58,temporal,auprc,random_forest,2
58,temporal,auprc,tcn,3
58,temporal,auprc,logistic_regression,4
58,temporal,auprc,xgboost,5
58,temporal,auprc,gradient_boosting,6
58,temporal,accuracy,lstm,1
58,temporal,accuracy,random_forest,2
58,temporal,accuracy,tcn,3
58,temporal,accuracy,logistic_regression,4
58,temporal,accuracy,gradient_boosting,5
58,temporal,accuracy,xgboost,6
58,temporal,ece,gradient_boosting,1
58,temporal,ece,xgboost,2
58,temporal,ece,logistic_regression,3
58,temporal,ece,lstm,4
58,temporal,ece,random_forest,5
58,temporal,ece,tcn,6
58,temporal,brier,lstm,1
58,temporal,brier,random_forest,2
58,temporal,brier,logistic_regression,3
58,temporal,brier,gradient_boosting,4
58,temporal,brier,tcn,5
58,temporal,brier,xgboost,6
59,static,auroc,lstm,1
59,static,auroc,random_forest,2
59,static,auroc,gradient_boosting,3
59,static,auroc,xgboost,4
59,static,auroc,tcn,5
59,static,auroc,logistic_regression,6
59,static,auprc,lstm,1
59,static,auprc,random_forest,2
59,static,auprc,gradient_boosting,3
59,static,auprc,logistic_regression,4
59,static,auprc,xgboost,5
59,static,auprc,tcn,6
59,static,accuracy,random_forest,1
59,static,accuracy,lstm,2
59,static,accuracy,gradient_boosting,3
59,static,accuracy,logistic_regression,4
59,static,accuracy,tcn,5
59,static,accuracy,xgboost,6
59,static,ece,logistic_regression,1
59,static,ece,lstm,2
59,static,ece,random_forest,3
59,static,ece,gradient_boosting,4
59,static,ece,xgboost,5
59,static,ece,tcn,6
59,static,brier,lstm,1
59,static,brier,random_forest,2
59,static,brier,gradient_boosting,3
59,static,brier,logistic_regression,4
59,static,brier,xgboost,5
59,static,brier,tcn,6
59,temporal,auroc,lstm,1
59,temporal,auroc,random_forest,2
59,temporal,auroc,tcn,3
59,temporal,auroc,logistic_regression,4
59,temporal,auroc,xgboost,5
59,temporal,auroc,gradient_boosting,6
59,temporal,auprc,lstm,1
59,temporal,auprc,logistic_regression,2
59,temporal,auprc,random_forest,3
59,temporal,auprc,tcn,4
59,temporal,auprc,gradient_boosting,5
59,temporal,auprc,xgboost,6
59,temporal,accuracy,lstm,1
59,temporal,accuracy,logistic_regression,2
59,temporal,accuracy,tcn,3
59,temporal,accuracy,gradient_boosting,4
59,temporal,accuracy,random_forest,5
59,temporal,accuracy,xgboost,6
59,temporal,ece,lstm,1
59,temporal,ece,logistic_regression,2
59,temporal,ece,gradient_boosting,3
59,temporal,ece,random_forest,4
59,temporal,ece,tcn,5
59,temporal,ece,xgboost,6
59,temporal,brier,lstm,1
59,temporal,brier,logistic_regression,2
59,temporal,brier,random_forest,3
59,temporal,brier,tcn,4
59,temporal,brier,gradient_boosting,5
59,temporal,brier,xgboost,6
60,static,auroc,lstm,1
60,static,auroc,random_forest,2
60,static,auroc,tcn,3
60,static,auroc,gradient_boosting,4
60,static,auroc,xgboost,5
60,static,auroc,logistic_regression,6
60,static,auprc,lstm,1
60,static,auprc,random_forest,2
60,static,auprc,tcn,3
60,static,auprc,gradient_boosting,4
60,static,auprc,xgboost,5
60,static,auprc,logistic_regression,6
60,static,accuracy,logistic_regression,1
60,static,accuracy,lstm,2
60,static,accuracy,random_forest,3
60,static,accuracy,xgboost,4
60,static,accuracy,gradient_boosting,5
60,static,accuracy,tcn,6
60,static,ece,logistic_regression,1
60,static,ece,lstm,2
60,static,ece,random_forest,3
60,static,ece,xgboost,4
60,static,ece,gradient_boosting,5
60,static,ece,tcn,6
60,static,brier,lstm,1
60,static,brier,logistic_regression,2
60,static,brier,random_forest,3
60,static,brier,gradient_boosting,4
60,static,brier,xgboost,5
60,static,brier,tcn,6
60,temporal,auroc,lstm,1
60,temporal,auroc,tcn,2
60,temporal,auroc,random_forest,3
60,temporal,auroc,logistic_regression,4
60,temporal,auroc,xgboost,5
60,temporal,auroc,gradient_boosting,6
60,temporal,auprc,lstm,1
60,temporal,auprc,tcn,2
60,temporal,auprc,random_forest,3
60,temporal,auprc,logistic_regression,4
60,temporal,auprc,xgboost,5
60,temporal,auprc,gradient_boosting,6
60,temporal,accuracy,lstm,1
60,temporal,accuracy,random_forest,2
60,temporal,accuracy,logistic_regression,3
60,temporal,accuracy,tcn,4
60,temporal,accuracy,xgboost,5
60,temporal,accuracy,gradient_boosting,6
60,temporal,ece,lstm,1
60,temporal,ece,random_forest,2
60,temporal,ece,gradient_boosting,3
60,temporal,ece,logistic_regression,4
60,temporal,ece,xgboost,5
60,temporal,ece,tcn,6
60,temporal,brier,lstm,1
60,temporal,brier,random_forest,2
60,temporal,brier,logistic_regression,3
60,temporal,brier,xgboost,4
60,temporal,brier,tcn,5
60,temporal,brier,gradient_boosting,6
61,static,auroc,random_forest,1
61,static,auroc,gradient_boosting,2
61,static,auroc,tcn,3
61,static,auroc,xgboost,4
61,static,auroc,lstm,5
61,static,auroc,logistic_regression,6
61,static,auprc,random_forest,1
61,static,auprc,gradient_boosting,2
61,static,auprc,tcn,3
61,static,auprc,xgboost,4
61,static,auprc,lstm,5
61,static,auprc,logistic_regression,6
61,static,accuracy,tcn,1
61,static,accuracy,logistic_regression,2
61,static,accuracy,random_forest,3
61,static,accuracy,lstm,4
61,static,accuracy,gradient_boosting,5
61,static,accuracy,xgboost,6
61,static,ece,lstm,1
61,static,ece,random_forest,2
61,static,ece,gradient_boosting,3
61,static,ece,logistic_regression,4
61,static,ece,tcn,5
61,static,ece,xgboost,6
61,static,brier,random_forest,1
61,static,brier,lstm,2
61,static,brier,gradient_boosting,3
61,static,brier,tcn,4
61,static,brier,logistic_regression,5
61,static,brier,xgboost,6
61,temporal,auroc,tcn,1
61,temporal,auroc,lstm,2
61,temporal,auroc,random_forest,3
61,temporal,auroc,logistic_regression,4
61,temporal,auroc,xgboost,5
61,temporal,auroc,gradient_boosting,6
61,temporal,auprc,tcn,1
61,temporal,auprc,lstm,2
61,temporal,auprc,logistic_regression,3
61,temporal,auprc,random_forest,4
61,temporal,auprc,xgboost,5
61,temporal,auprc,gradient_boosting,6
61,temporal,accuracy,lstm,1
61,temporal,accuracy,tcn,2
61,temporal,accuracy,random_forest,3
61,temporal,accuracy,logistic_regression,4
61,temporal,accuracy,gradient_boosting,5
61,temporal,accuracy,xgboost,6
61,temporal,ece,lstm,1
61,temporal,ece,random_forest,2
61,temporal,ece,tcn,3
61,temporal,ece,logistic_regression,4
61,temporal,ece,gradient_boosting,5
61,temporal,ece,xgboost,6
61,temporal,brier,lstm,1
61,temporal,brier,tcn,2
61,temporal,brier,random_forest,3
61,temporal,brier,logistic_regression,4
61,temporal,brier,gradient_boosting,5
61,temporal,brier,xgboost,6
