model,regime,metric,n_seeds,mean,sd,p2_5,p97_5,min,max,seed42
gradient_boosting,static,auroc,20,0.9367504743775561,0.013005937476135439,0.9162403977638353,0.9583519299807779,0.9161458333333333,0.9603125,0.9161458333333333
gradient_boosting,static,auprc,20,0.9024688128312885,0.02628714567248284,0.8558549520722097,0.9347557177907537,0.8517243810756996,0.9359070360926306,0.8683987462445486
gradient_boosting,static,accuracy,20,0.8630000000000001,0.023474510252163905,0.81975,0.9,0.815,0.9,0.825
gradient_boosting,static,ece,20,0.06567989648057729,0.019043603651891148,0.04373533311049373,0.10603850575123461,0.04284763165323004,0.11414723516128122,0.09375160606326374
gradient_boosting,static,brier,20,0.10134085304956272,0.014792597700203023,0.07944271662445544,0.1306638836501105,0.07825412726127838,0.13405201062053457,0.1269191117354313
gradient_boosting,temporal,auroc,20,0.8580599728872695,0.036985429278663245,0.7760676973634536,0.9134191577917976,0.765044879640963,0.9211203789517043,0.8460937499999998
gradient_boosting,temporal,auprc,20,0.798247660790327,0.049299539397112256,0.7219014257245863,0.8637685378913137,0.7148112472407496,0.8676477807088395,0.7445221361970529
gradient_boosting,temporal,accuracy,20,0.8004999999999999,0.046873289442473466,0.707375,0.87,0.705,0.87,0.745
gradient_boosting,temporal,ece,20,0.09397936741233007,0.02819474651139074,0.05376050008195904,0.14791639970525877,0.05027353021377732,0.15461608761847673,0.15461608761847673
gradient_boosting,temporal,brier,20,0.14854167599863397,0.028947403842057524,0.10618430842361963,0.20785994588667528,0.1051243323577987,0.2115432761223317,0.19003034420832454
logistic_regression,static,auroc,20,0.9188323041765496,0.012689098542648632,0.8990790517784455,0.9409129229718369,0.8967126623376623,0.9413619167717528,0.9159375
logistic_regression,static,auprc,20,0.8969419397000526,0.022631122370164628,0.8603506019039115,0.9304178467060311,0.8596697669023423,0.9339811653641436,0.8928090757205285
logistic_regression,static,accuracy,20,0.88375,0.01855822983845288,0.852375,0.912875,0.85,0.92,0.85
logistic_regression,static,ece,20,0.05498312948549509,0.01718616221751415,0.027460412954810685,0.08756471794384797,0.02477768390191841,0.09366603659663181,0.04994998721938164
logistic_regression,static,brier,20,0.09511723457810384,0.011059647529839185,0.0764964764641913,0.11145620204071273,0.07474273818641308,0.11339308291605832,0.11339308291605832
logistic_regression,temporal,auroc,20,0.8904809997561827,0.02038208500374637,0.8476157670454546,0.9176754557291666,0.8446875,0.9198133680555556,0.9018750000000001
logistic_regression,temporal,auprc,20,0.8604543465012158,0.02902274263274679,0.8079088346723106,0.9053294238946586,0.7978113705173735,0.9113925031957807,0.859560711597139
logistic_regression,temporal,accuracy,20,0.8307500000000001,0.02889522816186637,0.7695000000000001,0.87525,0.76,0.88,0.825
logistic_regression,temporal,ece,20,0.08345943065650142,0.022029841812666914,0.04970740393026926,0.13130452967353426,0.047299779921250694,0.13908688032158648,0.05236846204550031
logistic_regression,temporal,brier,20,0.12520522617788044,0.015364859955445072,0.10513053105302037,0.15674629697695963,0.10453729355005859,0.16878044125855535,0.12186808010534785
lstm,static,auroc,20,0.9444028063620626,0.017374311847254978,0.908534125,0.9698878038194445,0.8972916666666666,0.9722916666666668,0.8972916666666666
lstm,static,auprc,20,0.9086879981958512,0.04235935085386688,0.8015779440434448,0.9544586562159273,0.7865460013010335,0.959619242681519,0.7865460013010335
lstm,static,accuracy,20,0.877,0.04323741070196651,0.7727499999999999,0.912625,0.73,0.915,0.85
lstm,static,ece,20,0.06731057393553783,0.0286396432552712,0.02892889237107011,0.12166685506102656,0.026522915987297897,0.13487454331247137,0.06609747023467208
lstm,static,brier,20,0.09251118068139598,0.020365619835363682,0.06711748513326206,0.13507709388137812,0.06499662927272377,0.1477633823525777,0.11666580318160516
lstm,temporal,auroc,20,0.9385207290707976,0.01961689692895571,0.8952507811705319,0.9646179944135517,0.8807291666666666,0.9679166666666668,0.8807291666666666
lstm,temporal,auprc,20,0.8972101630731621,0.05229554687383025,0.7766516747906143,0.9505773061258354,0.7102760092363993,0.9527045834063547,0.7102760092363993
lstm,temporal,accuracy,20,0.8640000000000001,0.05126299578489447,0.7493749999999999,0.91,0.69,0.91,0.84
lstm,temporal,ece,20,0.07944871054461691,0.031036147629924363,0.03612009622075129,0.1436907138710812,0.03070743001298979,0.15572481362381949,0.07317512917798014
lstm,temporal,brier,20,0.099883166174007,0.02368472838638063,0.06924261062242637,0.1536942657909998,0.06775077054141163,0.1642412880503516,0.12374160814348877
random_forest,static,auroc,20,0.9396805576737872,0.014438756162098663,0.9173525526152134,0.9615191190074003,0.9171249018067557,0.9619270833333333,0.9176041666666667
random_forest,static,auprc,20,0.906212114368687,0.025864602620082066,0.8662700880977638,0.9455601785537453,0.8617369297727582,0.954195927651346,0.8816757962609318
random_forest,static,accuracy,20,0.8745,0.023333959891337075,0.827125,0.907625,0.82,0.91,0.835
random_forest,static,ece,20,0.060282499999999996,0.01786257315553507,0.03597062500000001,0.09840812499999994,0.03422499999999999,0.11590000000000002,0.07907499999999998
random_forest,static,brier,20,0.09442073749999999,0.013973834979679316,0.07316278125,0.121223659375,0.070422625,0.122071,0.12028712500000001
random_forest,temporal,auroc,20,0.8935368982653777,0.029897448205788064,0.8318525708389299,0.9300296098809181,0.8132394940840473,0.9319877883310719,0.8749999999999999
random_forest,temporal,auprc,20,0.8432561049043438,0.04271763813720501,0.7621536808046189,0.9105635438351118,0.7432293665220748,0.9157308303475732,0.8205943826484375
random_forest,temporal,accuracy,20,0.8305,0.03751841653038369,0.750625,0.877625,0.715,0.88,0.79
random_forest,temporal,ece,20,0.0930375,0.01887311771723,0.05369875000000001,0.12217187500000001,0.04940000000000001,0.12377500000000001,0.11579999999999997
random_forest,temporal,brier,20,0.1271187125,0.01808780070309366,0.10308111875,0.16554671562499998,0.09660912500000002,0.17181249999999998,0.14632775
tcn,static,auroc,20,0.9104081690232458,0.015080453617022954,0.886527665725427,0.9361411159053328,0.8862076362076363,0.9439583333333333,0.91890625
tcn,static,auprc,20,0.8623497310084037,0.0258874716660186,0.8172000760675826,0.9039701559348682,0.8110885711618914,0.9095140488963338,0.8770331166858392
tcn,static,accuracy,20,0.84325,0.024829683000286904,0.7973750000000001,0.882875,0.795,0.89,0.835
tcn,static,ece,20,0.13892309695962962,0.020618927973332958,0.11369686221082825,0.17619991886945657,0.11083407582355309,0.1780377102168898,0.1407146052080817
tcn,static,brier,20,0.138059705811667,0.019965907044685708,0.10778851741003684,0.17504801226559602,0.09868118689790689,0.1807677547269212,0.14231389421584725
tcn,temporal,auroc,20,0.8910368501567912,0.02407777123550262,0.8510751683004273,0.9254493272569444,0.8465250965250966,0.9327083333333333,0.8995833333333334
tcn,temporal,auprc,20,0.833733753630233,0.038157868226240385,0.7570508473399928,0.884904731061894,0.7393654523685645,0.8893203721047299,0.8523058149838938
tcn,temporal,accuracy,20,0.8110000000000002,0.029629288497061552,0.762125,0.85,0.755,0.85,0.815
tcn,temporal,ece,20,0.16912205986967205,0.026617824219760316,0.13174088095495828,0.21310029873515038,0.13078602126323735,0.219258542465312,0.1484125220218932
tcn,temporal,brier,20,0.16995949354348117,0.0257495923128584,0.1341730735069925,0.21306965933441074,0.13299454915261172,0.22218173692761842,0.15640940084534158
xgboost,static,auroc,20,0.9329151975460416,0.017450094346672045,0.9010103462837837,0.957640286121,0.8976833976833977,0.9578828133045001,0.9046875
xgboost,static,auprc,20,0.8905557578257829,0.03850075270734608,0.8105560135513138,0.9422142488087989,0.7929996427153914,0.9500271662430234,0.8628923438098799
xgboost,static,accuracy,20,0.8564999999999999,0.027961439613567066,0.81,0.9005,0.81,0.91,0.815
xgboost,static,ece,20,0.09096019347241238,0.021831594656957932,0.05848893397157009,0.1267132176436644,0.053252848219417524,0.12732273100351446,0.11478695835401595
xgboost,static,brier,20,0.1087478965544562,0.019577966883399266,0.07630158811511162,0.14080503029064959,0.0691011596808605,0.1408582663136248,0.1408582663136248
xgboost,temporal,auroc,20,0.8719947976308899,0.02881850946682253,0.8200920928030303,0.917186172411177,0.8183847402597403,0.9263907734056988,0.8219791666666667
xgboost,temporal,auprc,20,0.808391515530659,0.05225847737069816,0.7038760877417842,0.8882016784840009,0.6990574779943827,0.8990446417640898,0.7092019195678596
xgboost,temporal,accuracy,20,0.8042499999999999,0.04104795013793399,0.71925,0.86525,0.705,0.87,0.735
xgboost,temporal,ece,20,0.11063316011437019,0.03365018752918828,0.06356174902720886,0.180867466994292,0.059899330569751316,0.19515626723383317,0.1650745825190097
xgboost,temporal,brier,20,0.14857554636317932,0.027902700222063058,0.10644463681492647,0.20439631145807952,0.10302894726781414,0.21033352312500306,0.19783413014200618
