model,noise_dist,noise_scale,auroc,accuracy,auroc_clean,auroc_degradation
logistic_regression,gaussian,1.0,0.9120833333333334,0.85,0.9159375,0.003854166666666603
random_forest,gaussian,1.0,0.8748437499999999,0.81,0.9176041666666667,0.042760416666666745
gradient_boosting,gaussian,1.0,0.8230208333333334,0.69,0.9161458333333333,0.0931249999999999
xgboost,gaussian,1.0,0.8446875,0.765,0.9046875,0.05999999999999994
lstm,gaussian,1.0,0.9287500000000001,0.85,0.9297916666666667,0.0010416666666666075
tcn,gaussian,1.0,0.9227604166666666,0.83,0.92921875,0.006458333333333344
logistic_regression,gaussian,2.0,0.8871875,0.855,0.9159375,0.028749999999999942
random_forest,gaussian,2.0,0.8522916666666667,0.695,0.9176041666666667,0.0653125
gradient_boosting,gaussian,2.0,0.7855729166666668,0.635,0.9161458333333333,0.13057291666666648
xgboost,gaussian,2.0,0.8265624999999999,0.695,0.9046875,0.07812500000000011
lstm,gaussian,2.0,0.9261458333333332,0.855,0.9297916666666667,0.003645833333333459
tcn,gaussian,2.0,0.9285416666666667,0.85,0.92921875,0.0006770833333332726
logistic_regression,gaussian,3.0,0.9013541666666667,0.855,0.9159375,0.014583333333333282
random_forest,gaussian,3.0,0.8638541666666667,0.725,0.9176041666666667,0.053749999999999964
gradient_boosting,gaussian,3.0,0.8055208333333334,0.6,0.9161458333333333,0.11062499999999997
xgboost,gaussian,3.0,0.8088541666666667,0.67,0.9046875,0.09583333333333333
lstm,gaussian,3.0,0.9304166666666667,0.86,0.9297916666666667,-0.0006249999999999867
tcn,gaussian,3.0,0.9184895833333334,0.845,0.92921875,0.010729166666666567
logistic_regression,t3,1.0,0.910625,0.85,0.9159375,0.005312499999999942
random_forest,t3,1.0,0.8939583333333334,0.82,0.9176041666666667,0.023645833333333255
gradient_boosting,t3,1.0,0.8623437500000001,0.73,0.9161458333333333,0.05380208333333325
xgboost,t3,1.0,0.8511458333333333,0.735,0.9046875,0.05354166666666671
lstm,t3,1.0,0.9289583333333333,0.855,0.9297916666666667,0.0008333333333333526
tcn,t3,1.0,0.9302604166666666,0.86,0.92921875,-0.0010416666666666075
logistic_regression,t3,2.0,0.9149999999999999,0.855,0.9159375,0.0009375000000000355
random_forest,t3,2.0,0.8878125,0.785,0.9176041666666667,0.02979166666666666
gradient_boosting,t3,2.0,0.8537500000000001,0.7,0.9161458333333333,0.062395833333333206
xgboost,t3,2.0,0.8393750000000001,0.73,0.9046875,0.06531249999999988
lstm,t3,2.0,0.9278124999999999,0.855,0.9297916666666667,0.001979166666666754
tcn,t3,2.0,0.9237500000000001,0.84,0.92921875,0.005468749999999911
logistic_regression,t3,3.0,0.9004166666666665,0.855,0.9159375,0.015520833333333428
random_forest,t3,3.0,0.8650520833333333,0.75,0.9176041666666667,0.05255208333333339
gradient_boosting,t3,3.0,0.8140625,0.675,0.9161458333333333,0.1020833333333333
xgboost,t3,3.0,0.8473958333333333,0.745,0.9046875,0.05729166666666663
lstm,t3,3.0,0.9297916666666667,0.85,0.9297916666666667,0.0
tcn,t3,3.0,0.9265104166666667,0.855,0.92921875,0.0027083333333333126
